47,-6,41
47,-6,41
47,-6,41
47,-6,41
47,-6,41
47,-6,41
47,-6,41
47,-6,41
47,-6,41
47,-6,41
47,-6,41
47,-6,41
47,-6,41
47,-6,41
47,-6,41
47,-6,41
47,-6,41
47,-6,41
48,496,58
48,450,57
48,408,57
48,372,57
48,339,57
48,305,57
48,271,57
48,237,57
48,203,57
48,151,57
48,111,57
48,69,57
48,33,57
48,-2,57
48,-37,40
48,515,57
48,462,57
48,416,57
48,380,57
48,339,57
48,304,57
48,262,57
48,222,57
48,180,57
48,138,57
48,102,57
48,66,57
37,31,57
37,2,57
37,-34,43
37,364,41
37,322,41
26,286,41
48,251,41
48,204,57
48,157,57
48,116,57
48,73,57
27,43,57
27,13,57
27,-17,57
27,-54,57
27,198,57
8,162,57
48,121,57
48,79,57
28,37,57
28,1,57
28,-41,36
28,314,41
28,276,41
43,240,41
48,205,41
48,168,41
48,133,41
48,97,41
48,54,41
18,17,41
18,-26,41
18,-68,57
18,185,57
30,148,57
48,105,57
48,69,57
48,32,57
1,-4,57
1,-46,57
1,199,57
1,151,57
35,109,57
48,66,57
18,30,57
18,-1,57
18,-37,40
18,183,41
18,147,41
26,109,57
48,72,57
8,41,57
8,9,57
8,-28,57
8,-65,57
8,273,57
48,222,57
48,187,57
48,150,57
48,114,57
48,78,57
27,48,57
27,17,57
27,-21,56
27,-58,19
27,179,41
26,136,41
48,93,41
48,56,41
48,12,41
48,-31,41
48,-69,41
27,279,41
48,242,41
48,203,41
48,166,57
48,128,57
48,90,57
18,53,57
18,21,57
18,-23,57
18,-66,57
0,218,57
48,179,57
48,141,57
48,103,57
28,65,57
28,33,57
28,-14,57
28,-58,19
28,214,41
48,168,57
48,122,57
37,76,57
37,44,57
37,12,57
37,-33,57
37,240,57
16,201,57
48,154,57
48,114,57
48,69,57
37,30,57
37,-4,57
37,-36,41
37,282,57
37,243,57
9,204,57
48,164,57
48,118,57
48,78,42
48,38,41
28,5,41
28,-28,41
28,312,41
28,266,41
28,219,41
48,172,41
48,126,41
48,86,41
27,44,41
27,10,41
27,-24,41
27,-65,12
48,479,42
48,425,41
48,377,41
48,330,41
48,285,41
48,244,41
48,204,41
48,164,41
48,124,41
48,84,41
48,43,41
17,2,41
17,-40,37
16,502,57
48,460,57
48,419,57
48,379,57
48,339,57
48,298,57
48,250,57
48,208,57
48,167,57
48,126,57
48,78,57
26,37,57
26,3,57
26,-32,45
26,310,57
26,268,57
13,219,57
48,172,57
48,124,57
48,76,57
48,27,57
48,-14,58
48,-14,58
48,-14,58
48,-14,58
48,-14,58
48,-14,58
48,-14,58
48,-14,58
48,-14,58
48,-14,58
48,-14,58
48,-14,58
48,-14,58
48,-14,58
48,-14,58
48,-14,58
48,-14,58
48,-14,58
48,496,41
48,461,41
48,425,41
48,391,41
48,355,41
48,322,41
48,288,41
48,258,41
48,258,41
48,258,41
48,258,41
48,258,41
48,258,41
48,258,41
48,258,41
48,258,41
48,258,41
48,258,41
48,258,41
48,258,41
48,258,41
48,258,41
48,238,41
48,203,41
48,168,57
48,132,57
48,93,57
48,57,57
48,21,57
47,311,57
47,311,57
47,311,57
47,311,57
47,311,57
47,311,57
47,311,57
47,311,57
47,311,57
47,311,57
47,311,57
47,311,57
47,311,57
47,311,57
47,311,57
47,311,57
47,311,57
47,311,57
47,311,57
47,311,57
47,311,57
47,311,57
47,311,57
47,311,57
47,311,57
47,311,57
47,311,57
47,311,57
47,311,57
47,311,57
47,311,57
47,311,57
47,311,57
47,311,57
47,311,57
47,311,57
47,311,57
47,311,57
47,311,57
47,311,57
47,311,57
47,311,57
47,311,57
47,311,57
47,311,57
47,311,57
47,311,57
47,311,57
47,311,57
47,311,57
47,311,57
47,311,57
47,311,57
47,311,57
47,311,57
47,311,57
47,311,57
47,311,57
47,311,57
47,226,74
47,-69,7
47,-56,20
47,-23,53
47,-22,54
47,6,80
47,91,85
47,116,81
47,134,77
47,169,65
47,179,60
47,192,114
47,194,112
47,199,110
47,203,109
47,217,101
47,217,101
47,219,99
47,225,93
47,228,91
47,228,90
47,229,90
47,229,90
47,229,90
47,229,90
47,229,90
47,229,90
47,229,90
47,229,90
47,229,90
47,229,90
47,229,90
47,229,90
47,229,90
47,237,81
47,245,71
47,245,71
47,245,71
47,258,64
47,271,61
107,311,117
106,311,116
106,311,116
106,311,116
106,311,116
106,311,116
106,311,116
106,311,116
106,311,116
106,311,116
106,311,116
106,311,116
106,311,116
106,311,116
106,311,116
106,311,116
97,311,107
93,311,103
86,311,96
78,311,88
74,311,84
74,311,84
71,311,81
71,311,81
71,311,81
71,311,81
71,311,81
71,311,81
71,311,81
71,311,81
71,311,81
71,311,81
71,311,81
71,311,81
71,311,81
71,311,81
71,311,81
71,311,81
71,311,81
71,311,81
71,311,81
71,311,81
71,311,81
71,311,81
71,311,81
71,311,81
71,311,81
71,311,81
71,311,81
71,311,81
71,311,81
71,311,81
71,311,81
71,311,81
71,311,81
71,311,81
71,311,81
71,311,81
71,311,81
71,311,81
71,311,81
71,311,81
70,311,80
69,311,79
68,311,78
68,311,78
68,311,78
67,311,77
67,311,77
65,311,75
65,311,75
64,311,74
64,311,74
64,311,74
64,311,74
64,311,74
64,311,74
64,311,74
64,311,74
64,311,74
64,311,74
64,311,74
64,311,74
64,311,74
64,311,74
64,311,74
64,311,74
64,311,74
64,311,74
64,311,74
64,311,74
64,311,74
64,311,74
64,311,74
64,311,74
64,311,74
64,258,74
64,229,74
64,222,74
64,213,74
64,212,74
64,195,74
64,161,74
64,120,74
64,105,74
64,57,74
64,36,74
64,32,74
64,32,74
64,32,74
64,32,74
64,32,74
64,32,74
64,32,74
64,32,74
64,32,74
64,32,74
64,32,74
64,48,74
64,72,71
64,93,69
64,125,69
64,145,69
64,148,68
64,148,70
64,148,70
64,148,70
64,148,70
64,148,70
64,148,70
64,148,70
64,148,70
64,148,70
64,148,70
64,148,70
64,148,70
64,148,70
64,148,70
64,148,70
64,148,70
64,148,70
64,148,70
64,148,70
64,148,70
64,148,70
64,148,70
64,148,70
64,148,70
64,148,70
64,148,70
64,148,70
64,148,70
64,148,70
64,148,70
64,148,70
64,148,70
64,343,70
64,302,70
64,262,70
64,221,70
64,180,70
64,140,70
64,100,70
64,54,70
64,8,68
64,-34,26
64,159,54
64,118,54
64,76,54
64,35,54
64,-6,54
64,-54,6
64,248,54
64,201,54
64,177,54
64,177,54
64,177,54
64,177,54
64,177,54
64,177,54
64,177,54
64,177,54
64,177,54
64,177,54
64,177,54
64,177,54
64,177,54
64,177,54
64,177,54
64,177,54
64,177,54
64,177,54
64,177,54
64,177,54
64,177,54
64,177,54
64,177,54
64,177,54
64,177,54
64,177,54
64,177,54
64,177,54
64,177,54
64,177,54
64,177,54
64,177,54
64,177,54
64,177,54
64,177,54
64,177,54
64,177,54
64,177,54
64,177,54
64,177,54
64,177,54
64,177,54
64,177,54
64,177,54
64,177,54
64,177,54
64,204,60
64,216,60
64,220,58
64,234,57
64,273,55
64,-54,55
64,-53,55
64,-45,54
64,-38,54
64,-38,54
64,-38,54
64,-38,54
64,-38,54
64,-38,54
64,-38,54
64,-38,54
64,-38,54
64,-38,54
64,-38,54
64,-38,54
64,-38,54
64,-38,54
64,-38,54
64,-38,54
64,-38,54
64,-38,54
64,-38,54
64,-38,54
64,-38,54
64,-38,54
64,-38,54
64,-38,54
64,-38,54
64,-38,54
64,-38,54
64,-38,54
64,-38,54
64,-31,54
61,-4,54
61,-4,54
58,-4,51
53,-4,46
61,-4,54
61,-4,54
61,-4,54
61,-4,54
61,-4,54
61,-4,54
61,-4,54
61,-4,54
61,-4,54
61,-4,54
61,-4,54
61,-4,54
61,-4,54
61,-4,54
61,-4,54
61,-4,54
61,-4,54
61,-4,54
61,-4,54
61,-4,54
61,-4,54
61,-4,54
61,-4,54
61,-4,54
61,-4,54
61,-4,54
61,-4,54
61,-4,54
61,-4,54
61,-4,54
61,-4,54
61,-4,54
61,-4,54
61,-4,54
61,-4,54
61,-4,54
61,-4,54
61,-4,54
61,-4,54
61,-4,54
61,-4,54
61,-4,54
61,-4,54
61,-4,54
61,-4,54
61,-4,54
61,-4,54
61,-4,54
61,-4,54
61,-4,54
61,-4,54
61,-4,54
61,-4,54
61,-4,54
61,-4,54
61,-4,54
61,-4,54
61,-4,54
61,-4,54
61,-4,54
61,-4,54
61,-4,54
61,-4,54
61,-4,54
61,-4,54
61,-4,54
61,-4,54
61,-4,54
61,-4,54
61,-4,54
61,-4,54
61,-4,54
61,-4,54
61,-4,54
61,-4,54
61,-4,54
61,-4,54
61,-4,54
61,-4,54
61,-4,54
61,-4,54
61,-4,54
61,-4,54
61,-4,54
61,-4,54
61,-4,54
61,-4,54
61,-4,54
61,-4,54
61,510,70
61,469,70
61,428,70
61,388,70
61,354,70
61,314,70
61,279,70
61,238,70
61,196,70
61,154,70
61,113,70
61,73,70
61,32,70
31,2,70
31,-39,59
31,365,54
31,323,54
29,281,54
61,239,70
61,198,70
61,157,70
61,117,70
61,74,70
40,32,70
40,-9,70
40,-51,70
40,183,70
22,142,70
61,107,70
61,64,70
50,23,70
50,-19,70
50,-61,37
50,306,70
1,264,70
59,223,70
61,181,70
61,139,70
61,97,70
30,55,70
30,12,70
30,-30,68
30,-66,32
21,325,54
61,284,54
61,242,54
61,207,54
61,166,54
61,124,54
61,82,54
31,34,54
31,-2,54
31,-44,54
31,261,54
21,219,54
61,177,70
61,129,70
61,93,70
61,52,70
21,9,70
21,-33,70
21,257,71
21,215,70
28,178,70
61,137,70
61,95,70
61,51,70
30,15,70
30,-33,70
30,165,70
30,123,70
37,81,70
61,45,70
31,2,70
31,-41,57
31,450,54
31,407,54
48,351,54
61,310,54
61,268,54
61,231,54
61,194,54
61,152,54
61,116,54
32,73,54
32,36,54
32,-6,54
32,-48,50
22,256,54
61,213,71
61,170,70
61,128,70
49,85,70
49,42,70
49,6,70
49,-38,70
18,226,70
61,182,70
61,138,70
61,95,70
61,59,70
30,29,70
30,-15,70
30,-53,45
30,501,54
20,458,54
61,419,54
61,373,54
61,327,54
61,283,54
61,236,54
61,190,54
61,145,54
61,98,54
21,59,54
21,21,54
21,-25,54
21,-71,54
27,198,70
61,152,70
61,105,70
61,66,70
61,18,70
60,-7,70
60,-7,70
60,-7,70
60,-7,70
60,-7,70
60,-7,70
60,-7,70
60,-7,70
60,-7,70
60,-7,70
60,-7,70
60,-7,70
60,-7,70
60,-7,70
60,-7,70
60,-7,70
60,-7,70
60,-7,70
60,-7,70
60,-7,70
60,-7,70
60,-7,70
60,-7,70
60,-7,70
60,-7,70
47,-7,57
47,-7,57
47,-7,57
47,-7,57
47,-7,57
47,-7,57
47,-7,57
47,-7,57
47,-7,57
47,-7,57
47,-7,57
47,-7,57
47,-7,57
47,-7,57
47,-7,57
47,-7,57
47,-7,57
47,-7,57
47,-7,57
47,-7,57
47,-7,57
47,-7,57
47,-7,57
47,-7,57
47,-7,57
47,-7,57
47,-7,57
47,-7,57
47,-7,57
47,-7,57
47,-7,57
47,-7,57
47,-7,57
47,-7,57
47,-7,57
47,-7,57
47,-7,57
47,-7,57
47,-7,57
47,-7,57
47,-7,57
47,-7,57
47,-7,57
48,501,41
48,461,41
48,421,41
48,380,41
48,333,41
48,298,41
48,256,41
48,215,57
48,173,57
48,132,57
48,91,57
18,55,57
18,14,57
18,-27,57
18,-69,57
19,179,57
48,137,57
27,96,57
27,54,57
27,12,57
27,-29,48
1,-63,14
48,163,57
48,121,57
37,79,57
37,37,57
37,-5,57
37,-47,57
3,251,57
48,209,57
48,167,57
48,125,57
48,83,57
48,41,57
48,-1,57
48,-43,34
48,175,41
48,133,41
48,91,41
28,61,41
28,13,41
28,-29,41
28,-71,41
18,223,41
48,180,41
48,138,41
48,96,57
28,60,57
28,18,57
28,-24,57
28,-60,57
2,286,57
48,244,57
48,202,57
48,160,57
48,118,57
37,76,57
37,34,57
37,-9,57
37,-52,25
9,165,57
48,123,57
48,81,57
19,45,57
19,3,57
19,-39,38
19,190,57
16,148,57
48,106,57
17,63,57
17,26,57
17,-16,57
17,-58,57
1,230,57
48,188,57
48,146,57
48,103,57
48,60,57
48,18,57
48,-13,58
48,-13,58
48,-13,58
48,-13,58
48,-13,58
48,-13,58
48,-13,58
48,-13,58
48,-13,58
48,-13,58
48,-13,58
48,-13,58
48,-13,58
48,-13,58
48,-13,58
48,-13,58
48,-13,58
48,-13,58
48,-13,58
48,-13,58
48,-13,58
48,-13,58
48,-13,58
48,-13,58
48,-13,58
48,-13,58
48,-13,58
48,-13,58
48,-13,58
48,-13,58
48,-13,58
48,-13,58
48,-13,58
48,-13,58
48,-13,58
48,-13,58
48,-13,58
48,-13,58
48,-13,58
48,-13,58
48,-13,58
48,-13,58
48,-13,58
48,-13,58
48,-13,58
48,-13,58
48,-13,58
48,-13,58
48,-13,58
48,-13,58
48,-13,58
48,-13,58
48,-13,58
48,-13,58
48,-13,58
48,-13,58
48,-13,58
48,-13,58
48,-13,58
48,-13,58
48,-13,58
48,-13,58
48,-13,58
48,-13,58
48,-13,58
48,-13,58
48,-13,58
48,-13,58
48,-13,58
48,-13,58
48,-13,58
48,-13,58
48,-13,58
48,-13,58
48,-13,58
48,-13,58
48,-13,58
48,-13,58
48,-13,58
48,-13,58
48,-13,58
48,-13,58
48,-13,58
48,-13,58
48,-13,58
48,-13,58
48,-13,58
48,-13,58
48,-13,58
48,-13,58
48,-13,58
48,-13,58
48,-13,58
48,-13,58
48,-13,58
48,-13,58
48,-13,58
48,-13,58
48,-13,58
48,-13,58
48,-13,58
48,-13,58
48,-13,58
48,-13,58
48,-13,58
48,-13,58
48,-13,58
48,-13,58
48,-13,58
48,-13,58
48,-13,58
48,-13,58
48,-13,58
48,-13,58
48,-13,58
48,-13,58
48,-13,58
48,-13,58
48,-13,58
48,-13,58
48,-13,58
48,-13,58
48,-13,58
48,-13,58
48,-13,58
48,-13,58
48,-13,58
48,-13,58
48,-13,58
48,-13,58
48,-13,58
48,-13,58
48,-13,58
48,-13,58
48,-13,58
48,-13,58
48,-13,58
48,-13,58
48,-13,58
48,-13,58
48,-13,58
48,-13,58
48,-13,58
48,-13,58
48,-13,58
48,-13,58
48,-13,58
48,-13,58
48,-13,58
48,-13,58
48,-13,58
48,-13,58
48,-13,58
48,-13,58
48,-13,58
48,-13,58
48,-13,58
48,-13,58
48,-13,58
48,-13,58
48,-13,58
48,-13,58
48,-13,58
48,-13,58
48,-13,58
48,-13,58
48,-13,58
48,-13,58
48,-13,58
48,-13,58
48,-13,58
48,-13,58
48,-13,58
48,-13,58
48,-13,58
48,-13,58
48,-13,58
48,-13,58
48,-13,58
48,-13,58
48,-13,58
48,-13,58
48,-13,58
48,-13,58
48,-13,58
48,-13,58
48,-13,58
48,-13,58
48,-13,58
48,-13,58
48,-13,58
48,-13,58
48,-13,58
48,-13,58
48,-13,58
48,-13,58
48,-13,58
48,-13,58
48,-13,58
48,-13,58
48,-13,58
48,-13,58
48,-13,58
48,-13,58
48,-13,58
48,-13,58
48,-13,58
48,-13,58
48,-13,58
48,-13,58
48,-13,58
48,-13,58
48,-13,58
48,-13,58
48,-13,58
48,-13,58
48,-13,58
48,-13,58
48,-13,58
48,-13,58
48,-13,58
48,-13,58
48,-13,58
48,-13,58
48,-13,58
48,-13,58
48,-13,58
48,-13,58
48,-13,58
48,-13,58
48,-13,58
48,-13,58
48,-13,58
48,-13,58
48,-13,58
48,-13,58
48,-13,58
48,-13,58
48,-13,58
48,-13,58
48,-13,58
48,-13,58
48,-13,58
48,-13,58
48,-13,58
48,-13,58
48,-13,58
48,-13,58
48,-13,58
48,-13,58
48,-13,58
48,-13,58
48,-13,58
48,-13,58
48,-13,58
48,-13,58
48,-13,58
48,-13,58
48,-13,58
48,-13,58
48,-13,58
48,-13,58
48,-13,58
48,-13,58
48,-13,58
48,-13,58
48,-13,58
48,-13,58
48,-13,58
48,-13,58
48,-13,58
48,-13,58
48,-13,58
48,-13,58
48,-13,58
48,-13,58
48,-13,58
48,-13,58
48,-13,58
48,-13,58
48,-13,58
48,-13,58
48,-13,58
48,-13,58
48,-13,58
48,-13,58
48,-13,58
48,-13,58
48,-13,58
48,-13,58
48,-13,58
48,-13,58
48,-13,58
48,-13,58
48,-13,58
48,-13,58
48,-13,58
48,-13,58
48,-13,58
48,-13,58
48,-13,58
48,-13,58
48,-13,58
48,-13,58
48,-13,58
48,-13,58
48,-13,58
48,-13,58
48,-13,58
48,-13,58
48,-13,58
48,-13,58
48,-13,58
48,-13,58
48,-13,58
48,-13,58
48,-13,58
48,-13,58
48,-13,58
48,-13,58
48,-13,58
48,-13,58
48,-13,58
48,-13,58
48,-13,58
48,-13,58
48,-13,58
48,-13,58
48,-13,58
48,-13,58
48,-13,58
48,-13,58
48,-13,58
48,-13,58
48,-13,58
48,-13,58
48,-13,58
48,-13,58
48,-13,58
48,-13,58
48,-13,58
48,-13,58
48,-13,58
48,-13,58
48,-13,58
48,-13,58
48,-13,58
48,-13,58
48,-13,58
48,-13,58
48,-13,58
48,-13,58
48,-13,58
48,-13,58
48,-13,58
48,-13,58
48,-13,58
48,-13,58
48,-13,58
48,-13,58
48,-13,58
48,-13,58
48,-13,58
48,-13,58
48,-13,58
48,-13,58
48,-13,58
48,-13,58
48,-13,58
48,-13,58
48,-13,58
48,-13,58
48,-13,58
48,-13,58
48,-13,58
48,-13,58
48,-13,58
48,-13,58
48,-13,58
48,-13,58
48,-13,58
48,-13,58
48,-13,58
48,-13,58
48,-13,58
48,-13,58
48,-13,58
48,-13,58
48,-13,58
48,-13,58
48,-13,58
48,-13,58
48,-13,58
48,-13,58
48,-13,58
48,-13,58
48,-13,58
48,-13,58
48,-13,58
48,-13,58
48,-13,58
48,-13,58
48,-13,58
48,-13,58
48,-13,58
48,-13,58
48,-13,58
48,-13,58
48,-13,58
48,-13,58
48,-13,58
48,-13,58
48,-13,58
48,-13,58
48,-13,58
48,-13,58
48,-13,58
48,-13,58
48,-13,58
48,-13,58
48,-13,58
48,-13,58
48,-13,58
48,-13,58
48,-13,58
48,-13,58
48,-13,58
48,-13,58
48,-13,58
48,-13,58
48,-13,58
48,-13,58
48,-13,58
48,-13,58
48,-13,58
48,-13,58
48,-13,58
48,-13,58
48,-13,58
48,-13,58
48,-13,58
48,-13,58
48,-13,58
48,-13,58
48,-13,58
48,-13,58
48,-13,58
48,-13,58
48,-13,58
48,-13,58
48,-13,58
48,-13,58
48,-13,58
48,-13,58
48,-13,58
48,-13,58
48,-13,58
48,-13,58
48,-13,58
48,-13,58
48,-13,58
48,-13,58
48,-13,58
48,-13,58
48,-13,58
48,-13,58
48,-13,58
48,-13,58
48,-13,58
48,-13,58
48,-13,58
48,-13,58
48,-13,58
48,-13,58
48,-13,58
48,-13,58
48,-13,58
48,-13,58
48,-13,58
48,-13,58
48,-13,58
48,-13,58
48,-13,58
48,-13,58
48,-13,58
48,-13,58
48,-13,58
48,-13,58
48,-13,58
48,-13,58
48,-13,58
48,-13,58
48,-13,58
48,-13,58
48,-13,58
48,-13,58
48,-13,58
48,-13,58
48,-13,58
48,-13,58
48,-13,58
48,-13,58
48,-13,58
48,-13,58
48,-13,58
48,-13,58
48,-13,58
48,-13,58
48,-13,58
48,-13,58
48,-13,58
48,-13,58
48,-13,58
48,-13,58
48,-13,58
48,-13,58
48,-13,58
48,-13,58
48,-13,58
48,-13,58
48,-13,58
48,-13,58
48,-13,58
48,-13,58
48,-13,58
48,-13,58
48,-13,58
48,-13,58
48,-13,58
48,-13,58
48,-13,58
48,-13,58
48,-13,58
48,-13,58
48,-13,58
48,-13,58
48,-13,58
48,-13,58
48,-13,58
48,-13,58
48,-13,58
48,-13,58
48,-13,58
48,-13,58
48,-13,58
48,-13,58
48,-13,58
48,-13,58
48,-13,58
48,-13,58
48,-13,58
48,-13,58
48,-13,58
48,-13,58
48,-13,58
48,-13,58
48,-13,58
48,-13,58
48,-13,58
48,-13,58
48,-13,58
48,-13,58
48,-13,58
48,-13,58
48,-13,58
48,-13,58
48,-13,58
48,-13,58
48,-13,58
48,-13,58
48,-13,58
48,-13,58
48,-13,58
48,-13,58
48,-13,58
48,-13,58
48,-13,58
48,-13,58
48,-13,58
48,-13,58
48,-13,58
48,-13,58
48,-13,58
48,-13,58
48,-13,58
48,-13,58
48,-13,58
48,-13,58
48,-13,58
48,-13,58
48,-13,58
48,-13,58
48,-13,58
48,-13,58
48,-13,58
48,-13,58
48,-13,58
48,-13,58
48,-13,58
48,-13,58
48,-13,58
48,-13,58
48,-13,58
48,-13,58
48,-13,58
48,-13,58
48,-13,58
48,-13,58
48,-13,58
48,-13,58
48,-13,58
48,-13,58
48,-13,58
48,-13,58
48,-13,58
48,-13,58
48,-13,58
48,-13,58
48,-13,58
48,-13,58
48,-13,58
48,-13,58
48,-13,58
48,-13,58
48,-13,58
48,-13,58
48,-13,58
48,-13,58
48,-13,58
48,-13,58
48,-13,58
48,-13,58
48,-13,58
48,-13,58
48,-13,58
48,-13,58
48,-13,58
48,-13,58
48,-13,58
48,-13,58
48,-13,58
48,-13,58
48,-13,58
48,-13,58
48,-13,58
48,-13,58
48,-13,58
48,-13,58
48,-13,58
48,-13,58
48,-13,58
48,-13,58
48,-13,58
48,-13,58
48,-13,58
48,-13,58
48,-13,58
48,-13,58
48,-13,58
48,-13,58
48,-13,58
48,-13,58
48,-13,58
48,-13,58
48,-13,58
48,-13,58
48,-13,58
48,-13,58
48,-13,58
48,-13,58
48,-13,58
48,-13,58
48,-13,58
48,-13,58
48,-13,58
48,-13,58
87,506,96
87,467,96
87,426,96
87,387,96
87,347,96
87,302,96
87,261,96
87,220,96
87,180,96
87,139,96
87,98,96
47,62,96
4,21,96
4,-21,54
20,-67,8
73,375,96
87,334,96
87,292,96
87,250,96
87,208,96
87,172,96
87,136,96
87,95,96
47,54,96
5,13,88
5,-29,46
10,-64,11
55,375,80
87,334,80
87,292,80
87,249,80
87,207,80
87,165,96
87,123,96
40,82,96
5,46,96
5,4,96
15,-38,96
64,240,96
87,205,96
87,163,96
87,121,96
57,79,96
10,37,96
10,-5,96
11,-47,96
48,138,96
87,96,96
87,54,96
67,18,93
15,-24,51
15,-60,15
34,499,80
87,457,80
87,421,80
87,385,80
87,349,80
87,308,80
87,266,80
87,222,80
87,180,80
87,137,80
87,95,80
87,54,80
56,23,80
8,-19,56
8,-55,20
4,307,80
36,269,80
87,227,80
87,185,96
87,142,96
48,100,96
5,57,96
5,21,96
10,-24,96
46,-60,96
87,208,96
87,165,96
87,129,96
87,85,96
58,54,96
10,10,85
10,-32,43
11,215,80
55,171,80
87,128,80
87,92,80
56,62,80
13,26,80
13,-17,58
1,-54,21
30,265,80
87,223,80
87,181,80
87,143,80
87,99,96
87,56,96
57,13,96
9,-29,96
9,-65,96
7,274,96
40,236,96
87,185,96
87,146,96
87,102,96
87,58,96
66,13,88
13,-32,43
40,513,82
87,475,80
87,429,80
87,383,80
87,336,80
87,290,80
87,251,80
87,212,80
87,166,80
76,118,96
19,72,96
19,25,96
4,-21,96
39,-67,96
87,271,96
87,225,96
87,184,96
87,145,96
87,100,96
76,59,80
18,13,80
18,-33,80
6,341,80
48,294,80
87,254,80
87,206,80
87,165,80
87,125,80
87,78,80
47,38,80
4,-9,66
4,-56,19
19,425,80
74,378,80
87,338,80
87,290,80
87,243,80
87,205,80
87,163,80
87,116,96
87,68,96
56,22,96
7,-25,96
7,-66,96
1,269,96
31,229,96
82,189,96
87,148,96
87,101,96
87,61,96
48,14,89
5,-34,41
5,295,96
16,246,96
57,204,96
87,163,96
87,122,96
87,81,96
65,41,80
13,-7,80
13,-56,80
4,333,80
40,284,80
87,243,80
87,194,80
87,152,80
87,111,80
57,69,80
13,27,80
13,-22,53
10,502,96
53,453,96
87,405,96
87,356,96
87,314,96
87,266,96
87,217,96
87,168,96
87,119,96
47,70,96
4,21,96
4,-21,54
9,-70,96
52,376,96
87,328,96
87,279,96
87,237,96
87,194,96
87,151,96
87,102,96
56,68,96
13,25,96
13,-26,80
6,424,80
40,382,80
87,332,80
87,283,80
87,233,80
87,184,80
87,140,80
87,98,80
67,49,80
14,0,75
14,-49,26
48,468,80
87,425,80
87,383,80
87,334,80
87,284,80
87,243,80
87,201,96
87,150,96
77,101,96
18,52,96
18,2,96
2,-48,96
38,219,96
87,169,96
87,110,96
87,61,96
57,18,93
9,-31,44
9,488,81
6,446,80
47,397,80
87,353,80
87,310,80
87,267,80
87,225,80
87,176,80
87,133,80
87,83,80
77,32,80
18,-20,55
18,-70,5
86,500,80
87,457,80
87,405,80
87,344,80
87,292,80
87,241,80
87,187,80
87,135,80
87,91,80
87,46,80
87,1,76
86,-5,69
86,-5,69
86,-5,69
86,-5,69
86,-5,69
86,-5,69
86,-5,69
86,-5,69
86,-5,69
86,-5,69
86,-5,69
86,-5,69
86,-5,69
86,-5,69
86,-5,69
86,-5,69
86,-5,69
86,-5,69
86,-5,69
86,-5,69
86,-5,69
86,-5,69
86,-5,69
86,-5,69
86,-5,69
86,-5,69
86,-5,69
86,-5,69
86,-5,69
86,-5,69
86,-5,69
86,-5,69
86,-5,69
86,-5,69
86,-5,69
86,-5,69
86,-5,69
86,-5,69
86,-5,69
86,-5,69
86,-5,69
86,-5,69
86,-5,69
86,-5,69
86,-5,69
86,-5,69
86,-5,69
86,-5,69
86,-5,69
86,-5,69
86,-5,69
86,-5,69
86,-5,69
86,-5,69
86,-5,69
86,-5,69
86,-5,69
86,-5,69
86,-5,69
86,-5,69
86,-5,69
86,-5,69
86,-5,69
86,-5,69
86,-5,69
86,-5,69
86,-5,69
86,-5,69
86,-5,69
86,-5,69
86,-5,69
86,-5,69
86,-5,69
86,-5,69
86,-5,69
86,-5,69
86,-5,69
86,-5,69
86,-5,69
86,-5,69
86,-5,69
86,-5,69
86,-5,69
86,-5,69
86,71,95
74,501,83
74,455,83
74,415,83
74,369,83
74,328,83
74,282,83
74,242,83
74,196,83
74,149,83
63,121,83
0,73,83
0,27,83
2,-20,55
60,-66,9
74,198,67
74,150,67
74,102,83
44,61,83
44,13,83
44,-35,83
21,295,83
74,253,83
74,205,83
74,157,83
74,110,83
74,62,83
44,26,83
44,-16,59
44,-64,11
7,242,67
70,194,67
74,146,67
74,98,67
74,51,67
44,3,67
44,-45,30
44,292,67
9,250,67
74,195,67
74,147,83
74,99,83
74,57,83
64,9,83
2,-39,83
2,239,83
0,196,83
54,148,83
74,99,83
74,51,83
45,3,78
45,-45,30
45,365,83
9,322,83
72,274,83
74,231,83
74,176,83
74,122,83
74,73,83
43,37,83
43,-11,64
43,-60,15
11,177,67
68,135,83
74,86,83
74,38,83
43,1,83
43,-48,83
43,272,83
12,223,83
74,176,83
74,126,83
74,84,83
53,48,83
53,-2,83
53,-52,83
16,276,83
74,228,83
74,179,83
74,131,83
53,87,83
53,38,83
53,-4,71
9,-59,16
63,414,67
74,371,67
74,322,67
74,274,67
74,223,67
74,172,67
74,128,67
74,77,67
74,33,67
74,0,67
54,-12,67
54,-12,67
54,-12,67
54,-12,67
54,-12,67
54,-12,67
54,-12,67
54,-12,67
54,-12,67
54,-12,67
54,-12,67
54,-12,67
54,-12,67
54,-12,67
54,-12,67
54,-12,67
54,-12,67
54,-12,67
54,-12,67
54,-12,67
54,-12,67
54,-12,67
54,-12,67
54,-12,67
54,-12,67
54,-12,67
54,-12,67
54,-12,67
54,-12,67
54,-12,67
54,-12,67
54,-12,67
54,-12,67
54,-12,67
54,-12,67
54,-12,67
54,-12,67
54,-12,67
54,-12,67
54,-12,67
54,-12,67
54,-12,67
54,-12,67
100,494,109
100,442,109
100,391,109
100,344,109
100,298,109
100,251,109
100,203,109
100,155,109
100,107,109
100,54,109
90,6,109
28,-42,109
9,142,109
53,72,109
100,24,95
100,-11,60
100,-11,60
100,-11,60
100,-11,60
100,-11,60
100,-11,60
100,-11,60
100,-11,60
100,-11,60
100,-11,60
100,-11,60
100,-11,60
100,-11,60
100,-11,60
100,-11,60
100,-11,60
100,-11,60
100,-11,60
100,-11,60
100,-11,60
100,-11,60
100,-11,60
100,-11,60
100,-11,60
100,-11,60
100,-11,60
100,-11,60
100,-11,60
100,-11,60
100,-11,60
100,-11,60
100,-11,60
100,-11,60
100,-11,60
100,-11,60
100,-11,60
100,-11,60
100,-11,60
100,-11,60
100,-11,60
100,-11,60
100,-11,60
100,-11,60
100,-11,60
100,-11,60
100,-11,60
100,-11,60
100,-11,60
100,-11,60
100,-11,60
100,-11,60
100,-11,60
100,-11,60
100,-11,60
100,-11,60
100,-11,60
100,-11,60
100,-11,60
100,-11,60
100,-11,60
100,-11,60
100,-11,60
100,-11,60
100,-11,60
100,-11,60
100,-11,60
100,-11,60
100,-11,60
100,-11,60
100,-11,60
100,-11,60
100,-11,60
100,-11,60
100,-11,60
100,-11,60
100,-11,60
100,-11,60
100,-11,60
100,-11,60
100,-11,60
100,-11,60
100,-11,60
100,-11,60
102,495,111
102,448,111
102,402,111
102,356,111
102,310,111
102,265,111
102,212,111
102,166,111
102,119,111
102,73,111
55,26,108
13,-21,61
14,-69,111
61,131,111
102,77,111
102,29,111
101,-6,75
101,-12,69
101,-12,69
101,-12,69
101,-12,69
101,-12,69
101,-12,69
101,-12,69
101,-12,69
101,-12,69
101,-12,69
101,-12,69
101,-12,69
101,-12,69
101,-12,69
101,-12,69
101,-12,69
101,-12,69
101,-12,69
101,-12,69
101,-12,69
101,-12,69
101,-12,69
102,517,111
102,464,111
102,412,111
102,365,111
102,318,111
102,266,111
102,220,111
102,173,111
102,121,111
102,74,111
81,32,111
20,-21,61
11,-68,14
41,282,95
102,236,95
102,189,95
102,141,95
102,94,95
55,51,95
14,3,85
14,-45,37
52,283,95
102,230,95
102,183,95
102,136,112
56,87,111
16,39,111
17,-9,111
56,-56,111
102,258,111
102,210,111
102,150,111
102,96,111
102,48,111
91,0,82
24,-54,28
10,425,111
35,377,111
98,329,111
102,281,111
102,233,111
102,186,111
102,138,111
102,90,111
54,48,111
14,0,82
15,-48,34
64,152,111
102,104,111
102,56,111
82,8,111
22,-46,111
13,214,111
43,166,111
102,118,111
81,69,111
23,21,103
9,-28,54
40,503,111
102,455,111
102,405,111
102,356,111
102,307,111
102,257,111
102,209,111
102,161,111
102,107,111
53,63,111
13,15,97
14,-33,49
54,466,95
102,417,95
102,368,95
102,321,95
102,270,95
102,214,95
102,165,95
102,116,95
102,68,95
55,24,95
15,-25,57
16,245,95
63,189,95
102,134,95
102,84,111
102,33,111
55,-11,111
15,-61,111
16,293,111
56,244,111
102,191,111
102,141,111
102,90,111
81,39,111
24,-14,68
11,-72,10
47,487,95
102,428,95
102,376,95
102,325,95
102,273,95
102,219,95
102,160,95
102,107,111
102,53,111
63,6,111
17,-45,111
13,267,111
46,215,111
102,162,111
102,110,111
102,56,111
62,9,96
17,-45,95
13,386,95
54,327,95
102,273,95
102,221,95
102,167,95
102,113,95
82,61,95
24,8,90
10,-46,36
102,485,96
102,430,95
102,377,95
102,316,95
102,261,95
102,207,95
102,153,95
102,91,95
81,42,95
25,-13,69
11,-67,15
102,477,111
102,421,111
102,365,111
102,303,111
102,240,111
102,177,111
102,121,111
91,65,111
29,10,111
12,-44,111
31,197,111
88,141,111
102,85,111
81,36,111
23,-20,62
76,467,96
102,410,95
102,355,95
102,297,95
102,233,95
102,177,95
102,121,95
102,65,95
55,16,95
14,-40,42
102,510,95
102,455,95
102,399,95
102,343,95
102,286,95
102,224,95
102,168,95
102,106,95
63,49,95
14,-14,68
15,-70,12
54,410,111
102,354,111
102,297,111
102,241,111
102,178,95
102,120,95
63,71,95
17,15,95
14,-42,95
49,170,95
102,114,95
82,65,95
21,1,83
12,-56,26
102,467,95
102,409,95
102,352,95
102,296,95
102,239,95
102,175,112
81,118,111
23,61,111
9,3,111
33,-54,111
96,214,111
102,150,111
63,92,111
11,18,100
17,-38,44
102,469,111
102,410,111
102,348,111
102,289,111
102,231,111
102,163,95
91,103,95
43,45,95
44,-16,95
83,209,95
102,149,95
102,88,95
53,34,95
16,-34,48
102,507,95
102,446,95
102,386,95
102,324,95
102,256,95
102,187,95
102,126,111
28,57,111
10,-12,111
41,268,111
102,206,111
92,145,111
28,84,95
10,16,95
34,-46,95
98,221,95
102,152,95
54,90,95
13,28,95
14,-33,49
102,498,95
102,436,95
102,368,95
102,306,95
102,237,95
102,175,95
102,113,95
72,52,95
19,-11,71
11,-73,9
47,450,111
102,388,111
102,325,111
102,262,111
102,199,111
102,136,111
54,72,111
11,3,85
17,-61,21
102,497,96
102,433,95
102,370,95
102,307,95
102,236,95
102,165,95
102,93,95
55,30,95
13,-34,48
102,486,111
102,413,111
102,342,111
102,277,111
102,212,111
102,150,111
51,85,111
52,20,102
78,-27,54
78,-27,54
78,-27,54
78,-27,54
78,-27,54
78,-27,54
78,-27,54
78,-27,54
78,-27,54
78,-27,54
78,-27,54
102,511,111
102,464,111
102,419,111
102,367,111
102,322,111
102,270,111
102,223,111
102,176,111
102,130,111
102,82,111
63,28,110
19,-20,62
15,-68,14
48,341,111
102,294,111
102,248,111
102,194,111
102,147,111
102,98,111
63,50,111
17,-3,79
18,-51,31
65,260,95
102,212,95
102,159,95
102,110,95
102,63,95
55,21,95
15,-27,55
16,260,95
56,212,95
102,165,95
102,117,111
55,63,111
15,15,111
19,-39,111
62,294,111
102,246,111
102,198,111
102,144,111
102,96,111
63,54,111
18,6,88
14,-42,40
49,295,95
102,247,95
102,197,95
102,149,111
102,101,111
55,59,111
15,10,111
16,-38,111
54,243,111
102,189,111
102,140,111
102,92,111
81,50,111
20,-4,111
11,-53,111
41,358,111
102,310,111
102,260,111
102,205,111
102,156,111
102,105,111
62,56,111
14,2,84
15,-46,36
55,420,95
102,372,95
102,323,95
102,274,95
102,224,95
102,177,95
102,128,95
92,78,95
29,28,95
11,-28,54
36,293,95
100,244,95
102,193,112
102,139,111
102,89,111
62,47,111
17,-2,111
13,-53,111
46,205,111
102,154,111
102,102,111
91,51,111
23,-7,75
9,-59,23
34,385,111
97,333,111
102,281,111
102,228,111
102,176,111
102,123,111
102,70,111
54,16,98
14,-37,45
15,286,95
53,233,95
102,179,95
102,126,111
102,65,111
53,13,111
17,-40,111
23,252,111
68,199,111
102,146,111
102,92,111
62,46,96
17,-8,95
14,-60,95
55,300,95
102,248,95
102,194,95
102,140,95
102,82,95
63,35,95
14,-25,57
15,-79,3
102,476,95
102,422,95
102,362,95
102,308,95
102,257,95
102,205,111
102,149,111
91,93,111
28,38,111
11,-17,111
31,241,111
89,187,111
102,131,111
81,75,111
24,19,111
10,-36,111
35,329,111
98,274,111
102,218,111
102,162,111
102,107,111
55,51,111
15,-4,78
16,-60,22
55,475,95
102,419,95
102,363,95
102,306,95
102,250,95
102,194,111
102,138,111
102,82,111
91,26,111
23,-36,111
10,222,111
35,166,111
98,110,111
102,53,111
102,-3,78
102,-10,71
102,-10,71
102,-10,71
102,-10,71
102,-10,71
102,483,111
102,431,111
102,385,111
102,339,111
102,294,111
102,247,111
102,201,111
102,154,111
102,106,111
71,58,111
19,11,93
12,-42,40
46,487,95
102,433,95
102,385,95
102,337,95
102,283,95
102,236,95
102,188,95
102,141,95
91,93,95
26,39,95
12,-8,74
38,-55,27
101,214,95
102,166,95
102,112,111
55,64,111
15,17,111
16,-31,111
39,282,111
87,235,111
102,181,111
102,133,111
102,85,111
81,31,111
23,-17,65
9,-64,18
34,189,95
97,140,95
102,92,95
102,44,95
62,2,84
17,-46,36
21,221,112
71,173,111
102,119,111
62,70,111
15,22,111
11,-27,111
44,224,111
102,176,111
102,122,111
102,74,111
47,20,102
12,-28,54
55,499,95
102,451,95
102,403,95
102,354,95
102,299,95
102,244,95
102,196,95
102,148,95
63,105,95
17,57,95
13,8,90
47,-41,41
102,297,95
102,249,95
102,193,111
102,140,111
102,89,111
63,47,111
17,-2,111
15,-59,111
54,206,111
102,158,111
102,109,111
102,59,111
82,15,97
25,-35,47
71,499,111
102,449,111
102,391,111
102,339,111
102,288,111
102,235,111
102,184,111
102,131,111
102,79,111
53,33,111
13,-20,62
14,238,95
60,181,95
102,129,95
102,75,111
63,29,111
17,-22,111
14,314,111
52,262,111
102,202,111
102,148,111
102,97,111
64,51,111
15,-8,95
16,-62,95
54,321,95
102,269,95
102,216,95
102,163,95
102,110,95
102,57,95
33,4,86
9,-49,33
102,506,95
102,452,95
102,398,95
102,344,95
102,291,95
102,238,95
102,185,95
102,132,95
91,77,95
27,22,95
10,-32,50
31,429,111
90,375,111
102,321,111
102,266,111
102,211,111
102,156,111
102,95,111
82,47,111
23,-7,95
9,-62,95
34,346,95
102,283,95
102,228,95
102,172,95
102,116,95
102,61,95
54,12,94
14,-44,38
102,503,95
102,440,95
102,384,95
102,321,95
102,265,95
102,210,95
102,155,95
102,98,95
81,49,95
23,-7,75
9,-64,18
40,466,111
102,410,111
102,354,111
102,298,111
102,242,111
102,186,111
102,123,111
102,67,111
54,18,100
14,-38,44
15,299,111
61,236,111
102,179,111
102,123,111
102,67,111
102,11,96
54,-38,95
11,377,95
17,321,95
60,264,95
102,208,95
102,152,95
102,96,95
81,40,95
24,-16,66
17,510,95
51,453,95
102,397,95
102,339,95
102,283,95
102,224,95
102,167,95
102,110,95
102,54,95
62,5,87
19,-51,31
53,515,111
102,458,111
102,401,111
102,343,111
102,286,111
102,222,111
102,167,111
102,108,111
102,49,111
63,-3,79
18,-62,20
14,478,111
48,418,111
102,351,111
102,291,111
102,232,111
102,173,95
102,112,95
63,54,95
13,-15,95
14,194,95
60,126,95
102,58,95
55,-1,81
12,-69,13
62,506,111
102,445,111
102,376,111
102,315,111
102,254,111
102,192,111
102,131,111
102,70,111
102,10,92
102,-13,111
102,-13,111
102,-13,111
102,-13,111
102,-13,111
102,-13,111
102,-13,111
102,-13,111
102,-13,111
102,-13,111
102,-13,111
102,-13,111
102,-13,111
102,-13,111
102,-13,111
102,-13,111
102,-13,111
102,-13,111
102,-13,111
102,-13,111
102,-13,111
102,-13,111
102,-13,111
102,-13,111
115,508,123
130,462,123
130,415,123
130,369,123
130,323,123
130,278,123
130,224,123
130,178,123
130,124,139
130,77,139
63,30,139
40,-17,139
60,-70,139
118,267,139
130,214,139
130,160,139
130,113,139
90,59,139
43,5,92
44,-43,44
92,195,123
130,142,123
130,88,139
82,34,139
42,-14,139
42,-61,139
88,276,139
130,222,139
130,169,139
130,115,139
75,68,139
39,14,101
53,-40,47
115,499,123
130,445,123
130,391,123
130,343,123
130,295,123
130,248,123
130,194,123
130,146,123
130,98,123
83,45,123
41,-9,78
47,-57,30
91,242,123
130,193,139
130,139,139
130,90,139
68,36,139
39,-19,139
60,223,139
119,174,139
130,124,139
130,70,139
108,15,102
53,-33,54
46,296,139
80,246,139
130,191,139
130,142,139
110,100,139
49,45,132
42,-9,78
84,-63,24
130,305,123
130,257,123
130,208,123
130,159,139
130,105,139
82,63,139
41,9,139
50,-46,139
99,224,139
130,173,139
130,125,139
130,67,139
82,24,111
40,-31,56
49,424,123
97,375,123
130,327,123
130,276,123
130,220,123
130,168,123
130,117,123
75,59,123
39,7,94
45,-45,42
89,228,123
130,175,123
130,122,139
130,69,139
109,15,139
47,-43,139
40,295,139
74,242,139
130,190,139
130,137,139
130,84,139
83,38,125
42,-14,73
45,-75,12
130,493,139
130,439,139
130,380,139
130,326,139
130,272,139
130,219,139
130,159,139
130,100,139
109,53,139
48,-7,80
42,-67,20
84,366,123
130,305,123
130,252,123
130,199,123
130,140,123
119,85,123
56,31,118
39,-28,59
64,342,123
130,282,123
130,220,123
130,164,123
119,101,139
79,47,139
85,-8,139
97,-27,139
97,-27,139
97,-27,139
97,-27,139
97,-27,139
97,-27,139
97,-27,139
97,-27,139
97,-27,139
97,-27,139
97,-27,139
97,-27,139
97,-27,139
130,496,123
130,444,123
130,397,123
130,352,123
130,305,123
130,252,123
130,193,123
130,141,140
119,90,139
52,37,139
38,-11,139
64,-59,139
126,253,139
130,200,139
130,147,139
130,99,139
90,45,132
42,-9,78
43,-57,30
82,482,123
130,434,123
130,387,123
130,340,123
130,285,123
130,231,123
130,177,123
130,129,123
91,87,123
43,33,120
47,-21,66
91,-69,123
130,253,123
130,199,123
130,151,139
130,103,139
82,61,139
40,8,139
46,-40,139
88,276,139
130,226,139
130,172,139
130,118,139
110,69,139
48,14,101
39,-35,52
69,399,139
130,346,139
130,298,139
130,243,139
130,195,139
130,147,139
130,98,139
75,44,131
40,-4,83
46,-53,34
91,274,123
130,220,123
130,172,139
130,119,139
130,69,139
83,19,139
43,-35,139
53,253,139
110,197,139
130,148,139
130,99,139
91,51,139
43,-3,139
44,-52,139
83,166,139
130,112,139
109,63,139
49,9,96
40,-39,48
70,510,123
130,460,123
130,411,123
130,362,123
130,312,123
130,262,123
130,206,123
130,151,123
130,95,123
130,44,123
130,0,87
129,-5,123
129,-5,123
129,-5,123
129,-5,123
129,-5,123
129,-5,123
129,-5,123
129,-5,123
129,-5,123
129,-5,123
129,-5,123
129,-5,123
129,-5,123
129,-5,123
129,-5,123
129,-5,123
129,-5,123
129,-5,123
129,-5,123
129,-5,123
129,-5,123
129,-5,123
129,-5,123
129,-5,123
129,-5,123
129,-5,123
129,-5,123
129,-5,123
129,-5,123
129,-5,123
129,-5,123
128,480,137
128,428,137
128,375,137
128,322,137
128,270,137
128,223,137
128,170,137
128,118,137
80,71,137
40,24,135
44,-29,82
96,272,121
128,219,121
128,165,137
128,118,137
80,65,137
40,18,137
41,-30,137
81,260,137
128,212,137
128,164,137
128,110,137
128,62,137
67,2,113
37,-52,59
52,359,137
105,313,137
128,260,137
128,212,137
128,165,137
128,117,137
128,57,137
81,16,127
42,-32,79
45,268,121
97,214,121
128,160,121
128,113,121
107,58,121
48,4,115
46,-50,61
92,271,121
128,223,121
128,169,137
128,121,137
128,67,137
89,13,137
41,-41,137
42,256,137
89,202,137
128,151,137
128,102,137
128,45,137
80,-3,108
38,-57,54
47,149,121
95,101,121
128,52,121
81,9,120
39,-45,66
45,245,121
98,190,137
128,134,137
128,86,137
107,31,137
50,-17,137
37,221,137
73,166,137
128,117,137
128,66,137
72,11,122
37,-44,67
47,451,137
96,402,137
128,352,137
128,297,137
128,248,137
128,199,137
128,145,137
128,89,137
80,44,137
38,-8,103
42,-65,46
86,367,121
128,309,121
128,251,121
128,193,121
128,134,121
128,75,121
81,23,121
40,-29,82
41,279,121
87,220,121
128,167,121
128,108,137
128,55,137
88,9,137
39,-52,137
43,272,137
94,211,137
128,151,137
128,90,137
89,30,137
40,-30,81
41,405,137
89,345,137
128,286,137
128,225,137
128,172,137
117,111,137
68,52,121
78,-9,121
99,-34,121
99,-34,121
99,-34,121
99,-34,121
99,-34,121
99,-34,121
99,-34,121
99,-34,121
99,-34,121
128,494,137
128,443,137
128,395,137
128,344,137
128,299,137
128,252,137
128,201,137
128,148,137
128,85,137
55,32,137
38,-16,95
63,-70,41
127,306,121
128,240,121
128,186,121
128,133,121
81,84,121
40,36,121
44,-17,94
89,-64,47
128,190,121
128,136,137
128,89,137
89,52,137
45,-2,137
51,-50,137
96,251,137
128,197,137
128,144,137
128,89,137
128,41,137
72,-13,98
36,-61,50
42,455,137
93,401,137
128,347,137
128,293,137
128,245,137
128,197,137
128,137,137
117,83,137
55,35,137
37,-20,91
68,-74,37
128,498,121
128,444,121
128,390,121
128,341,121
128,286,121
128,232,121
128,179,121
128,124,121
98,75,121
43,20,121
41,-35,76
87,292,121
128,238,121
128,190,121
118,134,138
55,85,137
38,36,137
64,-21,137
85,-38,137
85,-38,137
85,-38,137
85,-38,137
85,-38,137
85,-38,137
128,488,137
128,438,137
128,384,137
128,332,137
128,273,137
128,221,137
128,167,137
128,116,137
128,64,137
55,11,122
36,-42,69
73,155,121
128,101,137
128,47,137
107,0,137
45,-54,137
38,270,137
73,222,137
128,169,137
128,115,137
80,68,137
38,14,125
47,-40,71
116,338,121
128,284,121
128,224,121
128,171,121
128,110,121
128,56,121
98,2,113
44,-52,59
43,259,121
90,205,121
128,151,137
128,91,137
108,37,137
46,-16,137
39,-70,137
80,210,137
128,156,137
128,101,137
79,46,137
42,-8,103
56,-62,49
117,421,121
128,367,121
128,312,121
128,258,121
128,205,121
128,150,121
128,102,121
117,53,121
53,3,114
34,-45,66
59,292,121
123,244,121
128,194,137
128,140,137
118,91,137
50,36,137
38,-20,137
74,221,137
128,173,137
128,122,137
128,61,137
72,6,117
38,-42,69
47,315,121
105,260,121
128,211,121
128,163,121
128,109,121
72,54,121
36,-2,109
50,-57,54
104,288,121
128,238,121
128,183,137
128,125,137
72,67,137
41,15,137
51,-36,137
109,226,137
128,174,137
128,122,137
107,76,137
46,16,137
39,-43,137
72,212,137
128,158,137
128,99,137
81,40,137
37,-19,92
128,499,121
128,445,121
128,392,121
128,340,121
128,288,121
128,236,121
128,184,121
128,125,121
107,65,121
49,12,121
36,-46,65
128,471,123
128,418,121
128,360,121
128,298,121
128,245,121
128,184,121
128,124,121
80,70,121
39,16,121
40,-38,73
128,517,137
128,471,137
128,432,137
128,386,137
128,335,137
128,283,137
128,232,137
128,186,137
128,140,137
128,87,137
128,40,137
81,-8,103
42,-55,56
46,458,137
99,404,137
128,356,137
128,303,137
128,256,137
128,202,137
128,149,137
128,95,137
128,47,137
76,-7,104
82,-55,56
128,440,121
128,388,121
128,340,121
128,286,121
128,238,121
128,185,121
128,136,121
128,82,121
80,28,121
40,-20,91
44,260,121
96,206,121
128,157,138
128,109,137
89,56,137
40,2,137
41,-46,137
88,263,137
128,214,137
128,159,137
81,117,137
38,63,137
47,9,120
94,-39,72
103,-44,66
103,-44,66
103,-44,66
103,-44,66
103,-44,66
63,481,137
126,435,137
128,383,137
128,335,137
128,289,137
128,242,137
128,195,137
128,149,137
128,101,137
107,48,137
50,1,112
36,-47,64
66,498,137
128,452,137
128,398,137
128,345,137
128,297,137
128,243,137
128,195,137
128,142,137
88,82,137
44,34,137
41,-14,97
81,-68,43
128,295,121
128,241,121
128,187,137
128,139,137
128,85,137
80,31,137
39,-17,137
40,-65,137
87,197,137
128,149,137
128,102,137
80,47,137
39,-1,110
43,-55,56
87,379,121
128,331,121
128,278,121
128,222,121
128,168,121
128,113,137
128,60,137
80,18,137
36,-37,137
45,268,137
103,214,137
128,166,137
128,111,137
128,58,137
80,14,125
39,-35,76
40,468,121
86,413,121
128,365,121
128,310,121
128,257,121
128,208,138
128,160,137
128,106,137
73,52,137
36,-3,137
50,-58,137
103,177,137
128,123,137
128,74,137
58,25,136
34,-29,82
58,481,121
121,432,121
128,377,121
128,327,121
128,279,121
128,231,121
128,182,121
128,125,121
128,70,121
98,15,121
47,-35,76
38,285,121
68,235,121
128,185,121
128,128,121
128,72,137
117,14,137
50,-43,137
37,309,137
62,257,137
128,198,137
128,146,137
128,96,137
80,36,137
41,-17,94
45,-75,36
89,403,121
128,342,121
128,282,121
128,222,121
128,162,121
128,102,137
80,41,137
40,-12,137
42,-71,137
94,251,137
128,197,137
128,144,137
128,83,137
107,30,137
50,-23,88
36,497,137
67,438,137
128,386,137
128,325,137
128,264,137
128,204,137
128,151,137
128,85,137
80,31,137
41,-23,88
45,451,121
71,398,121
128,336,121
128,281,121
128,227,121
128,165,121
128,103,121
128,48,121
128,1,112
127,-5,105
127,-5,105
127,-5,105
127,-5,105
127,-5,105
127,-5,105
127,-5,105
127,-5,105
128,479,121
128,433,121
128,381,121
128,335,121
128,282,121
128,235,121
128,190,121
128,142,121
128,90,137
72,41,137
37,-23,137
62,308,137
128,256,137
128,202,137
128,154,137
128,102,137
89,48,137
40,-6,137
41,-54,137
79,247,137
128,199,137
128,153,137
128,99,137
108,45,137
48,-8,103
39,-56,55
75,417,121
128,363,121
128,316,121
128,268,121
128,214,121
128,160,121
128,112,121
82,70,121
39,16,121
47,-38,73
106,234,121
128,180,121
128,121,137
128,73,137
81,25,137
38,-29,137
46,283,137
95,234,137
128,180,137
128,127,137
128,71,137
81,28,137
39,-25,137
45,154,137
97,99,137
128,45,137
73,-4,107
39,-52,59
98,473,121
128,418,121
128,364,121
128,314,121
128,260,121
128,206,121
128,151,121
81,96,121
41,46,121
45,-8,103
97,-63,48
128,236,121
128,187,121
128,133,137
128,79,137
81,30,137
38,-25,137
47,279,137
105,222,137
128,168,137
128,113,137
81,64,137
41,14,125
45,-43,68
97,126,137
128,78,137
117,33,137
50,-26,85
39,157,121
80,100,121
128,40,121
74,-10,101
38,-69,121
52,293,121
105,241,121
128,183,137
128,122,137
128,69,137
80,23,137
39,-30,137
42,240,137
86,187,137
128,135,137
128,75,137
88,14,121
38,-46,121
42,359,121
94,299,121
128,240,121
128,179,121
128,119,121
128,66,121
55,5,116
38,-54,57
62,406,121
126,352,121
128,292,121
128,232,121
128,165,121
128,106,137
72,45,137
38,-15,137
52,282,137
106,227,137
128,172,137
128,112,121
128,51,121
80,1,121
38,-59,121
44,212,121
87,157,121
128,103,121
74,40,121
39,-21,90
48,-76,35
128,516,137
128,453,137
128,397,137
128,335,137
128,279,137
128,211,137
128,154,137
128,98,137
81,48,137
40,-7,104
41,-63,48
96,287,121
128,231,121
128,169,121
128,113,121
96,58,122
48,2,121
46,-61,121
85,294,121
128,231,121
128,167,121
128,112,121
108,49,121
51,-7,104
38,-70,41
128,508,137
128,444,137
128,381,137
128,325,137
128,262,137
128,207,137
128,142,137
128,79,137
81,15,126
41,-41,70
45,207,121
90,150,137
128,94,137
81,37,137
38,-27,137
44,261,137
97,196,137
128,133,137
128,77,137
88,28,137
46,-30,121
47,387,121
93,323,121
128,259,121
128,200,121
128,135,121
128,70,121
80,19,121
36,-46,65
128,487,137
128,429,137
128,365,137
128,301,137
128,244,137
128,184,137
128,127,137
117,75,137
53,16,127
34,-42,69
59,448,137
121,389,137
128,329,137
128,262,137
128,202,137
128,136,137
128,75,137
59,15,126
37,-53,121
62,385,121
126,324,121
128,256,121
128,189,121
128,128,121
128,68,121
80,7,118
38,-55,56
128,476,121
128,407,121
128,337,121
128,276,121
128,198,121
128,130,121
88,77,137
40,9,137
44,-61,137
88,276,137
128,206,137
117,144,137
49,76,137
36,6,117
65,-54,57
128,239,121
128,178,121
128,117,121
71,55,121
41,-14,121
56,328,121
109,266,121
128,197,121
128,135,121
97,72,121
45,3,114
45,-58,53
92,512,137
128,449,137
128,380,137
128,319,137
128,256,137
128,188,137
128,116,137
107,54,137
48,-17,94
77,490,137
128,418,137
128,354,137
128,292,137
128,229,137
128,156,137
107,84,137
49,19,130
36,-54,57
67,173,121
128,101,121
72,29,121
42,-35,76
56,254,121
119,182,121
128,110,137
98,37,137
45,-26,137
36,311,137
72,239,137
128,175,137
118,103,115
55,39,114
37,-25,115
58,291,115
115,233,114
128,178,115
128,127,114
128,71,114
128,9,115
128,500,138
128,453,137
128,401,137
128,349,137
128,295,137
128,238,137
128,193,137
128,139,137
128,87,137
73,33,137
38,-14,97
43,-62,49
94,467,137
128,420,137
128,367,137
128,320,137
128,267,137
128,218,137
128,164,137
128,110,137
82,62,137
39,8,119
44,-40,71
88,187,121
128,140,137
117,86,137
55,39,137
38,-9,137
63,-63,137
127,247,137
128,193,137
128,145,137
128,97,137
88,55,137
39,1,112
40,-47,64
87,137,137
128,83,137
128,35,137
60,-13,98
37,-61,50
57,193,121
115,145,121
128,97,121
73,43,121
37,-11,100
47,-59,52
96,221,121
128,167,137
128,118,137
80,69,137
39,15,137
48,-39,137
98,225,137
128,177,137
128,123,137
128,75,137
88,33,137
43,-15,96
41,-69,42
88,372,121
128,323,121
128,269,121
128,220,121
128,171,121
128,115,121
81,72,121
38,11,121
49,-39,72
107,232,121
128,176,138
128,126,137
81,78,137
41,29,137
45,-27,137
97,242,137
128,193,137
128,143,137
128,86,137
88,36,137
39,-19,92
40,-70,41
88,382,137
128,325,137
128,272,137
128,214,137
128,161,137
128,104,137
89,46,137
41,-15,96
45,-74,37
128,486,121
128,431,121
128,379,121
128,327,121
128,269,121
128,211,121
128,156,121
128,102,121
81,55,121
38,-5,121
43,-59,121
86,211,121
128,152,121
128,92,121
106,38,121
50,-14,97
36,-68,43
61,384,137
128,324,137
128,270,137
128,211,137
128,151,137
128,97,137
80,44,137
37,-16,95
43,-70,41
87,464,137
128,403,137
128,342,137
128,282,137
128,229,137
128,169,137
128,117,137
128,54,137
81,-2,109
41,-57,54
81,511,122
128,455,121
128,393,121
128,338,121
128,283,121
128,227,121
128,172,121
128,109,121
97,47,121
45,-16,121
49,267,121
92,212,121
128,149,121
128,93,121
128,37,121
73,-26,85
74,488,137
128,426,137
128,363,137
128,293,137
128,230,137
128,167,137
128,103,137
128,47,137
79,-2,109
41,-63,48
51,469,121
100,413,121
128,350,121
128,288,121
128,230,121
128,167,122
128,110,121
128,46,121
81,-3,121
38,-66,121
47,192,121
105,129,121
128,73,121
73,16,121
38,-47,64
48,454,137
97,396,137
128,333,137
128,268,137
128,204,137
128,148,137
128,91,137
118,34,137
51,-30,81
37,226,122
68,162,121
128,99,121
98,43,121
43,-22,121
40,183,121
73,126,121
128,60,121
80,3,114
38,-60,51
88,480,121
128,423,121
128,366,121
128,309,121
128,244,121
128,178,121
128,119,121
128,61,121
73,-4,107
38,-63,48
43,501,137
94,434,137
128,367,137
128,301,137
128,239,137
128,179,137
128,111,137
117,51,137
50,-17,94
37,460,137
74,391,137
128,322,137
128,262,137
128,201,137
128,142,137
128,81,137
89,21,132
41,-47,64
45,436,121
98,368,121
128,300,121
128,239,121
128,171,121
128,101,121
107,33,121
50,-28,83
115,489,137
128,420,137
128,358,137
128,291,137
128,229,137
128,160,137
128,98,137
79,42,137
40,-19,137
40,326,137
87,258,137
128,197,137
128,137,137
128,75,137
89,5,116
41,-56,55
65,505,121
128,441,121
128,370,121
128,298,121
128,229,121
128,168,121
128,103,121
107,48,121
46,-22,121
39,378,121
73,316,121
128,253,121
128,182,121
128,119,121
118,54,121
51,-18,93
68,496,138
128,430,137
128,366,137
128,294,137
128,231,137
128,159,137
128,95,137
71,22,133
42,-41,70
56,486,137
119,414,137
128,349,137
128,277,137
128,212,137
128,148,137
128,76,137
80,11,122
40,-54,57
128,475,90
128,414,89
128,350,89
128,287,90
128,228,89
128,166,90
128,100,89
128,51,89
128,-5,90
128,-66,47
128,477,137
128,421,137
128,364,137
128,284,137
128,174,137
128,100,137
88,44,137
46,-20,91
92,518,137
128,444,137
128,387,137
128,315,137
128,242,137
128,168,137
117,102,137
53,38,137
36,-36,75
123,490,140
79,427,140
42,344,139
52,274,140
83,199,139
128,117,139
128,47,140
127,-16,94
127,-16,94
127,-16,94
127,-16,94
127,-16,94
127,-16,94
127,-16,94
128,483,121
128,432,121
128,385,121
128,345,121
128,292,121
128,241,121
128,195,121
128,142,137
81,89,137
39,35,137
45,-12,137
98,-66,137
128,260,137
128,212,137
128,158,137
88,105,137
39,52,137
40,4,115
85,-50,61
103,-61,49
103,-61,49
103,-61,49
103,-61,49
103,-61,49
128,490,121
128,447,121
128,396,121
128,356,121
128,314,121
128,264,121
128,212,121
128,159,121
128,113,121
128,65,121
89,14,121
42,-40,71
46,220,121
97,166,138
128,118,137
82,71,137
41,23,137
45,-31,137
88,247,137
128,194,137
128,141,137
89,87,137
41,33,137
45,-21,90
78,-69,42
128,479,137
128,425,137
128,379,137
128,330,137
128,282,137
128,235,137
128,187,137
128,133,137
128,85,137
128,32,137
80,-11,100
43,-59,138
87,115,137
128,61,137
88,7,137
40,-47,137
43,220,137
86,172,137
128,123,137
128,68,137
128,20,130
88,-28,83
69,514,137
120,459,137
128,411,137
128,362,137
128,313,137
128,259,137
128,211,137
128,157,137
128,103,137
128,48,137
81,5,116
49,-45,66
82,437,121
128,383,121
128,335,121
128,281,121
128,226,121
128,177,121
128,128,121
128,79,121
81,37,121
40,-18,93
49,321,121
99,272,121
128,217,137
128,167,137
128,111,137
107,60,137
46,4,137
43,-51,137
87,191,137
128,134,137
128,85,137
118,34,137
55,-18,93
37,-74,37
73,508,137
128,458,137
128,401,137
128,349,137
128,297,137
128,245,137
128,192,137
128,139,137
128,79,137
81,26,137
39,-35,76
45,354,121
89,302,121
128,242,121
128,189,121
128,130,137
128,69,137
128,10,137
128,-3,137
128,-3,137
128,-3,137
128,-3,137
128,-3,137
128,-3,137
128,-3,137
128,-3,137
128,-3,137
128,-3,137
128,-3,137
128,-3,137
128,-3,137
128,-3,137
128,-3,137
128,-3,137
128,-3,137
128,-3,137
128,-3,137
128,-3,137
128,-3,137
143,-3,152
154,-3,163
154,-3,163
154,-3,163
154,-3,163
154,-3,163
154,-3,163
154,-3,163
154,-3,163
112,-3,121
112,-3,121
112,-3,121
112,-3,121
112,-3,121
112,-3,121
112,-3,121
112,-3,121
112,-3,121
112,-3,121
112,513,107
112,460,105
112,408,105
112,363,105
112,311,105
112,264,105
112,212,105
112,161,105
112,113,105
73,60,105
28,14,105
27,-36,82
73,211,121
112,157,121
112,109,121
64,67,121
24,19,121
25,-28,121
64,211,121
112,163,121
112,115,121
101,67,121
37,19,122
20,-35,121
51,383,121
112,335,121
112,281,121
112,227,121
112,180,121
112,126,121
65,85,121
23,31,121
29,-17,101
73,-65,53
112,486,105
112,442,105
112,396,105
112,348,105
112,302,105
112,256,105
112,204,105
112,158,121
112,105,121
112,57,121
73,16,121
27,-37,121
31,227,121
74,180,121
112,126,121
112,78,121
65,31,121
25,-17,121
26,-65,121
65,270,121
112,222,121
112,174,121
112,121,121
83,67,121
32,19,121
23,-29,89
112,499,105
112,452,105
112,403,105
112,355,105
112,307,105
112,259,105
112,198,121
112,152,121
112,103,121
91,61,121
31,7,121
24,-47,121
59,191,121
112,144,121
112,95,121
102,47,121
40,-1,117
22,-49,69
42,383,121
101,334,121
112,286,121
112,238,121
112,189,121
112,140,121
112,92,121
57,44,121
23,-5,113
32,-59,59
91,256,105
112,208,105
112,160,105
112,113,105
72,64,105
25,8,105
26,-40,78
65,215,105
112,161,122
112,114,121
64,70,121
23,21,121
24,-27,121
71,247,121
112,199,121
112,145,121
112,95,121
73,53,121
28,3,121
24,-45,73
112,498,105
112,442,105
112,391,105
112,342,105
112,290,105
112,239,105
112,182,105
112,125,105
73,66,105
28,14,105
24,-38,80
59,282,105
112,230,105
112,178,105
112,126,122
112,66,121
72,8,121
26,-43,121
22,279,121
56,227,121
112,167,121
112,101,121
65,48,121
22,-12,106
31,-73,45
112,499,121
112,438,121
112,378,121
112,325,121
112,264,121
112,205,121
112,145,121
112,84,121
112,30,121
58,-24,107
23,417,105
32,356,105
90,296,105
112,242,105
112,182,105
112,128,105
91,67,105
31,7,105
24,-53,65
112,471,121
112,419,121
112,357,121
112,294,121
112,233,121
112,172,121
112,112,121
64,56,121
22,-5,113
31,-68,50
112,463,105
112,399,105
112,337,105
112,275,105
112,213,105
112,157,105
112,95,121
65,32,121
22,-30,121
31,308,121
89,245,121
112,183,121
112,127,121
112,64,121
65,8,121
22,-55,63
31,404,121
88,341,121
112,278,121
112,222,121
112,160,121
112,96,105
112,33,105
57,-30,105
23,251,105
32,188,105
90,125,105
92,62,105
34,5,105
21,-58,60
57,453,121
112,398,121
112,335,121
112,278,121
112,216,121
112,158,121
112,95,121
90,30,121
32,-28,90
44,488,121
112,425,121
112,362,121
112,298,121
112,241,121
112,178,121
112,114,121
72,50,121
27,-13,105
33,-69,49
84,193,105
112,128,105
91,64,105
29,0,105
22,-63,55
56,218,105
112,161,105
112,104,105
90,47,122
29,-17,121
20,371,121
49,313,121
112,256,121
112,189,121
112,130,121
112,62,121
65,3,121
24,-65,53
66,485,121
112,419,121
112,350,121
112,291,121
112,231,121
112,170,121
112,110,121
91,57,121
35,-5,113
30,233,105
70,171,105
112,103,105
65,50,105
25,-12,105
26,269,105
67,207,105
112,147,105
112,78,105
91,17,105
33,-45,73
39,512,121
97,451,121
112,390,121
112,329,121
112,269,121
112,207,121
112,145,121
72,76,121
27,15,121
25,-53,105
64,398,105
112,330,105
112,261,105
112,199,105
112,138,105
82,69,105
28,7,105
19,-55,63
112,459,105
112,396,105
112,328,105
112,265,105
112,202,105
112,139,105
112,78,105
42,15,105
19,-56,62
88,495,122
112,432,121
112,371,121
112,299,121
112,236,121
112,165,121
112,93,121
64,29,121
25,-34,84
26,487,106
65,423,105
112,360,105
112,296,105
112,224,105
112,152,105
112,88,105
42,25,105
24,-40,78
102,503,121
112,439,121
112,375,121
112,303,121
112,238,121
112,174,121
112,111,121
90,54,121
35,-10,121
29,255,121
63,190,121
112,118,121
73,60,121
27,-4,99
25,381,98
64,310,98
112,240,99
112,167,98
112,87,99
63,3,98
26,-69,51
32,470,105
76,406,105
112,342,105
112,278,105
112,206,105
112,140,105
91,67,105
34,1,105
25,-65,53
112,445,124
112,372,123
112,291,124
112,218,124
112,143,123
112,73,124
112,-2,118
23,506,121
53,460,121
112,409,121
112,357,121
112,304,121
112,245,121
112,199,121
112,147,121
112,94,121
65,47,121
23,-7,111
29,-55,63
73,398,105
112,346,105
112,292,105
112,238,105
112,185,105
112,125,121
92,65,121
32,11,121
25,-43,121
65,264,121
112,212,121
112,163,121
112,109,121
65,61,121
24,7,121
33,-47,71
82,218,105
112,164,105
112,110,105
101,50,105
59,-4,105
69,-52,105
112,199,105
112,145,121
112,91,121
112,43,121
65,-5,121
24,-59,121
33,209,121
89,155,121
112,101,121
112,47,121
64,5,121
22,-56,121
36,178,121
90,130,121
112,69,121
73,27,121
26,-27,91
27,408,105
72,354,105
112,300,105
112,252,105
112,197,105
112,149,121
112,95,121
73,53,121
25,-1,121
29,-55,121
83,224,121
112,170,121
112,116,121
102,62,121
52,8,121
61,-46,72
112,186,105
112,138,105
112,90,105
112,36,105
111,-6,105
111,-6,105
111,-6,105
111,-6,105
111,-6,105
111,-6,105
111,-6,105
111,-6,105
111,-6,105
111,-6,105
111,-6,105
111,-6,105
111,-6,105
111,-6,105
111,-6,105
111,-6,105
111,-6,105
111,-6,105
111,-6,105
111,-6,105
111,-6,105
111,-6,105
111,-6,105
111,-6,105
111,-6,105
111,-6,105
111,-6,105
111,-6,105
111,-6,105
111,-6,105
111,-6,105
111,-6,105
111,-6,105
111,-6,105
111,-6,105
111,-6,105
111,-6,105
111,-6,105
111,-6,105
111,-6,105
111,-6,105
111,-6,105
111,-6,105
111,-6,105
111,-6,105
111,-6,105
111,-6,105
111,-6,105
111,-6,105
111,-6,105
111,-6,105
111,-6,105
111,-6,105
111,-6,105
111,-6,105
111,-6,105
111,-6,105
111,-6,105
111,-6,105
111,-6,105
111,-6,105
111,-6,105
111,-6,105
111,-6,105
111,-6,105
111,-6,105
111,-6,105
111,-6,105
111,-6,105
111,-6,105
111,-6,105
111,-6,105
111,-6,105
111,-6,105
111,-6,105
111,-6,105
111,-6,105
111,-6,105
111,-6,105
111,-6,105
111,-6,105
111,-6,105
111,-6,105
111,-6,105
111,-6,105
111,-6,105
111,-6,105
111,-6,105
111,-6,105
111,-6,105
111,-6,105
111,-6,105
111,-6,105
111,-6,105
111,-6,105
111,-6,105
111,-6,105
111,-6,105
111,-6,105
111,-6,105
111,-6,105
111,-6,105
111,-6,105
111,-6,105
111,-6,105
111,-6,105
111,-6,105
111,-6,105
111,-6,105
111,-6,105
111,-6,105
111,-6,105
111,-6,105
111,-6,105
111,-6,105
111,-6,105
111,-6,105
111,-6,105
111,-6,105
111,-6,105
111,-6,105
111,-6,105
111,-6,105
111,-6,105
111,-6,105
111,-6,105
111,-6,105
111,-6,105
111,-6,105
111,-6,105
111,-6,105
111,-6,105
111,-6,105
111,-6,105
111,-6,105
111,-6,105
111,-6,105
111,-6,105
111,-6,105
111,-6,105
111,-6,105
111,-6,105
111,-6,105
111,-6,105
111,-6,105
111,-6,105
111,-6,105
111,-6,105
111,-6,105
111,-6,105
111,-6,105
111,-6,105
111,-6,105
111,-6,105
111,-6,105
111,-6,105
111,-6,105
111,-6,105
111,-6,105
111,-6,105
111,-6,105
111,-6,105
111,-6,105
111,-6,105
111,-6,105
111,-6,105
111,-6,105
111,-6,105
111,-6,105
111,-6,105
111,-6,105
111,-6,105
111,-6,105
111,-6,105
111,-6,105
111,-6,105
111,-6,105
111,-6,105
111,-6,105
111,-6,105
111,-6,105
111,-6,105
111,-6,105
111,-6,105
111,-6,105
111,-6,105
111,-6,105
111,-6,105
111,-6,105
111,-6,105
111,-6,105
111,-6,105
111,-6,105
111,-6,105
111,-6,105
111,-6,105
111,-6,105
111,-6,105
111,-6,105
111,-6,105
111,-6,105
111,-6,105
111,-6,105
111,-6,105
111,-6,105
111,-6,105
111,-6,105
111,-6,105
111,-6,105
111,-6,105
111,-6,105
111,-6,105
111,-6,105
111,-6,105
111,-6,105
111,-6,105
111,-6,105
111,-6,105
111,-6,105
111,-6,105
111,-6,105
111,-6,105
111,-6,105
111,-6,105
111,-6,105
111,-6,105
111,-6,105
111,-6,105
111,-6,105
111,-6,105
111,-6,105
111,-6,105
111,-6,105
111,-6,105
111,-6,105
111,-6,105
111,-6,105
111,-6,105
111,-6,105
111,-6,105
111,-6,105
111,-6,105
111,-6,105
111,-6,105
111,-6,105
111,-6,105
111,-6,105
111,-6,105
111,-6,105
111,-6,105
111,-6,105
111,-6,105
111,-6,105
111,-6,105
111,-6,105
111,-6,105
111,-6,105
111,-6,105
111,-6,105
111,-6,105
111,-6,105
111,-6,105
111,-6,105
111,-6,105
111,-6,105
111,-6,105
111,-6,105
111,-6,105
111,-6,105
111,-6,105
111,-6,105
111,-6,105
111,-6,105
111,-6,105
111,-6,105
111,-6,105
111,-6,105
111,-6,105
111,-6,105
111,-6,105
111,-6,105
111,-6,105
111,-6,105
111,-6,105
111,-6,105
111,-6,105
111,-6,105
111,-6,105
111,-6,105
111,-6,105
111,-6,105
111,-6,105
111,-6,105
111,-6,105
111,-6,105
111,-6,105
111,-6,105
111,-6,105
111,-6,105
111,-6,105
111,-6,105
111,-6,105
111,-6,105
111,-6,105
111,-6,105
111,-6,105
111,-6,105
111,-6,105
111,-6,105
111,-6,105
111,-6,105
111,-6,105
111,-6,105
111,-6,105
111,-6,105
111,-6,105
111,-6,105
111,-6,105
111,-6,105
111,-6,105
111,-6,105
111,-6,105
111,-6,105
111,-6,105
111,-6,105
111,-6,105
111,-6,105
111,-6,105
111,-6,105
111,-6,105
111,-6,105
111,-6,105
111,-6,105
111,-6,105
111,-6,105
111,-6,105
111,-6,105
111,-6,105
111,-6,105
111,-6,105
111,-6,105
111,-6,105
111,-6,105
111,-6,105
111,-6,105
111,-6,105
111,-6,105
111,-6,105
111,-6,105
111,-6,105
111,-6,105
111,-6,105
111,-6,105
111,-6,105
111,-6,105
111,-6,105
111,-6,105
111,-6,105
111,-6,105
111,-6,105
111,-6,105
111,-6,105
111,-6,105
111,-6,105
111,-6,105
111,-6,105
111,-6,105
111,-6,105
111,-6,105
111,-6,105
111,-6,105
111,-6,105
111,-6,105
111,-6,105
111,-6,105
111,-6,105
111,-6,105
111,-6,105
111,-6,105
111,-6,105
111,-6,105
111,-6,105
111,-6,105
111,-6,105
111,-6,105
111,-6,105
111,-6,105
111,-6,105
111,-6,105
111,-6,105
111,-6,105
111,-6,105
111,-6,105
111,-6,105
111,-6,105
111,-6,105
111,-6,105
111,-6,105
111,-6,105
111,-6,105
111,-6,105
111,-6,105
111,-6,105
111,-6,105
111,-6,105
111,-6,105
111,-6,105
111,-6,105
111,-6,105
111,-6,105
111,-6,105
111,-6,105
111,-6,105
111,-6,105
111,-6,105
111,-6,105
111,-6,105
111,-6,105
111,-6,105
111,-6,105
111,-6,105
111,-6,105
111,-6,105
111,-6,105
111,-6,105
111,-6,105
111,-6,105
111,-6,105
111,-6,105
111,-6,105
111,-6,105
111,-6,105
111,-6,105
111,-6,105
111,-6,105
111,-6,105
111,-6,105
111,-6,105
111,-6,105
111,-6,105
111,-6,105
111,-6,105
111,-6,105
111,-6,105
111,-6,105
111,-6,105
111,-6,105
111,-6,105
111,-6,105
111,-6,105
111,-6,105
111,-6,105
111,-6,105
111,-6,105
111,-6,105
111,-6,105
111,-6,105
111,-6,105
111,-6,105
111,-6,105
111,-6,105
111,-6,105
111,-6,105
111,-6,105
111,-6,105
111,-6,105
111,-6,105
111,-6,105
111,-6,105
111,-6,105
111,-6,105
111,-6,105
111,-6,105
111,-6,105
111,-6,105
111,-6,105
111,-6,105
111,-6,105
111,-6,105
111,-6,105
111,-6,105
111,-6,105
111,-6,105
111,-6,105
111,-6,105
111,-6,105
111,-6,105
111,-6,105
111,-6,105
111,-6,105
111,-6,105
111,-6,105
111,-6,105
111,-6,105
111,-6,105
111,-6,105
111,-6,105
111,-6,105
111,-6,105
111,-6,105
111,-6,105
111,-6,105
111,-6,105
111,-6,105
111,-6,105
111,-6,105
111,-6,105
111,-6,105
111,-6,105
111,-6,105
111,-6,105
111,-6,105
111,-6,105
111,-6,105
111,-6,105
111,-6,105
111,-6,105
111,-6,105
111,-6,105
111,-6,105
111,-6,105
111,-6,105
111,-6,105
111,-6,105
111,-6,105
111,-6,105
111,-6,105
111,-6,105
111,-6,105
111,-6,105
111,-6,105
111,-6,105
111,-6,105
111,-6,105
111,-6,105
111,-6,105
111,-6,105
111,-6,105
111,-6,105
111,-6,105
111,-6,105
111,-6,105
111,-6,105
111,-6,105
111,-6,105
111,-6,105
111,-6,105
111,-6,105
111,-6,105
111,-6,105
111,-6,105
111,-6,105
111,-6,105
111,-6,105
111,-6,105
111,-6,105
111,-6,105
111,-6,105
111,-6,105
111,-6,105
111,-6,105
111,-6,105
111,-6,105
111,-6,105
111,-6,105
111,-6,105
111,-6,105
111,-6,105
111,-6,105
111,-6,105
111,-6,105
111,-6,105
111,-6,105
111,-6,105
111,-6,105
111,-6,105
111,-6,105
111,-6,105
111,-6,105
111,-6,105
111,-6,105
111,-6,105
111,-6,105
111,-6,105
111,-6,105
111,-6,105
111,-6,105
111,-6,105
111,-6,105
111,-6,105
111,-6,105
111,-6,105
111,-6,105
111,-6,105
111,-6,105
111,-6,105
111,-6,105
111,-6,105
111,-6,105
111,-6,105
111,-6,105
111,-6,105
111,-6,105
111,-6,105
111,-6,105
111,-6,105
111,-6,105
111,-6,105
111,-6,105
111,-6,105
111,-6,105
111,-6,105
111,-6,105
111,-6,105
111,-6,105
111,-6,105
111,-6,105
111,-6,105
111,-6,105
111,-6,105
111,-6,105
111,-6,105
111,-6,105
111,-6,105
111,-6,105
111,-6,105
111,-6,105
111,-6,105
111,-6,105
111,-6,105
111,-6,105
111,-6,105
111,-6,105
111,-6,105
111,-6,105
111,-6,105
111,-6,105
111,-6,105
111,-6,105
111,-6,105
111,-6,105
111,-6,105
111,-6,105
111,-6,105
111,-6,105
111,-6,105
111,-6,105
111,-6,105
111,-6,105
111,-6,105
111,-6,105
111,-6,105
111,-6,105
111,-6,105
111,-6,105
111,-6,105
111,-6,105
111,-6,105
111,-6,105
111,-6,105
111,-6,105
111,-6,105
111,-6,105
111,-6,105
111,-6,105
111,-6,105
111,-6,105
111,-6,105
111,-6,105
111,-6,105
111,-6,105
109,-6,103
109,-6,103
109,-6,103
109,-6,103
109,-6,103
109,-6,103
109,-6,103
109,-6,103
109,-6,103
109,-6,103
109,-6,103
109,-6,103
109,-6,103
109,-6,103
109,-6,103
109,-6,103
109,-6,103
109,-6,103
109,-6,103
109,-6,103
109,-6,103
109,-6,103
109,-6,103
109,-6,103
109,-6,103
109,-6,103
109,-6,103
109,-6,103
109,-6,103
109,-6,103
109,-6,103
109,-6,103
109,-6,103
109,-6,103
109,-6,103
109,-6,103
109,-6,103
109,-6,103
109,-6,103
109,-6,103
109,-6,103
109,-6,103
110,510,119
110,463,119
110,417,119
110,376,119
110,335,119
110,294,119
110,252,119
110,205,119
110,158,119
110,117,119
110,75,119
110,34,119
63,-8,79
26,-50,37
80,500,103
110,459,103
110,417,103
110,370,103
110,329,103
110,286,103
110,244,103
110,202,103
110,160,103
110,119,103
110,78,103
55,24,103
22,-18,69
21,-60,27
50,273,103
110,225,103
110,183,103
110,142,103
110,100,119
110,58,119
63,10,119
26,-31,119
20,308,119
44,266,119
107,219,119
110,177,119
110,135,119
110,93,119
99,51,119
30,-2,85
16,-44,43
76,509,119
110,466,119
110,424,119
110,382,119
110,339,119
110,297,119
110,243,119
110,201,119
110,158,119
110,116,119
63,73,119
26,31,118
20,-13,74
44,-55,32
97,389,103
110,341,103
110,299,103
110,257,103
110,214,103
110,172,103
110,129,120
63,86,119
24,44,119
18,2,119
48,-46,119
104,303,119
110,261,119
110,218,119
110,176,119
110,133,119
90,90,119
36,48,119
18,5,92
33,-43,44
78,515,119
110,473,119
110,431,119
110,382,119
110,340,119
110,297,119
110,253,119
110,210,119
110,167,119
110,123,119
110,79,119
70,35,119
30,-8,79
24,-51,36
47,231,103
101,186,103
110,144,120
80,99,119
29,47,119
19,2,119
39,-43,119
89,262,119
110,217,119
110,172,119
110,126,119
71,80,119
27,32,119
18,-21,66
42,-68,19
94,413,103
110,366,103
110,319,103
110,274,103
110,227,103
110,180,103
110,135,103
110,81,103
71,35,103
28,-12,103
18,-59,103
38,253,103
89,207,103
110,160,103
110,113,103
70,68,103
27,22,103
17,-25,62
37,-73,14
110,498,120
110,445,119
110,397,119
110,343,119
110,291,119
110,243,119
110,196,119
110,150,119
110,102,119
110,55,119
60,0,87
59,-48,39
87,479,104
110,424,103
110,378,103
110,331,103
110,283,103
110,228,103
110,179,103
110,132,103
110,78,103
63,30,103
25,-19,68
19,-67,20
110,510,104
110,461,103
110,413,103
110,363,103
110,314,103
110,258,103
110,210,103
110,161,103
110,112,103
110,56,103
71,7,94
29,-40,47
78,516,119
110,460,119
110,411,119
110,362,119
110,314,119
110,265,119
110,216,119
110,167,119
110,118,119
110,69,119
61,12,99
25,-36,51
19,496,103
43,447,103
98,398,103
110,349,103
110,300,103
110,251,103
110,201,103
110,145,103
110,96,103
99,47,103
53,-3,84
48,-52,35
110,480,119
110,431,119
110,382,119
110,333,119
110,284,119
110,234,119
110,184,119
110,135,119
110,85,119
89,36,119
37,-13,74
23,-69,18
42,305,119
91,255,119
110,206,119
110,156,119
110,106,119
63,56,119
25,7,94
19,-43,44
43,226,103
96,177,103
110,121,120
90,70,119
37,20,119
19,-30,119
30,301,119
70,252,119
110,203,119
110,154,119
110,102,119
71,46,119
28,-4,83
18,-55,32
70,487,119
110,436,119
110,383,119
110,333,119
110,283,119
110,233,119
110,175,119
110,122,119
110,63,119
63,11,98
24,-43,44
18,423,103
41,364,103
74,304,103
110,250,103
110,190,103
110,137,103
110,83,103
70,30,103
30,-24,63
24,-78,9
110,468,119
110,414,119
110,360,119
110,307,119
110,253,119
110,193,119
110,138,119
110,84,119
110,31,119
70,-31,119
28,244,119
18,190,119
39,137,119
88,83,119
99,30,117
40,-24,63
48,513,104
110,451,103
110,390,103
110,336,103
110,282,103
110,228,103
110,174,103
110,120,103
110,66,103
71,11,98
23,-51,36
97,466,103
110,398,103
110,344,103
110,289,103
110,234,103
110,180,103
71,119,103
27,64,119
17,9,119
38,-45,119
86,342,119
110,287,119
110,234,119
110,179,119
110,123,119
110,61,119
110,6,93
110,-10,77
110,-10,77
110,-10,77
110,-10,77
110,-10,77
110,-10,77
110,-10,77
110,-10,77
110,-10,77
110,-10,77
110,-10,77
110,-10,77
110,-10,77
110,-10,77
110,-10,77
110,-10,77
110,-10,77
110,-10,77
110,-10,77
110,-10,77
110,-10,77
110,-10,77
110,-10,77
110,-10,77
110,-10,77
110,-10,77
110,-10,77
110,-10,77
110,-10,77
110,-10,77
110,-10,77
110,-10,77
110,-10,77
110,-10,77
110,-10,77
110,-10,77
110,-10,77
110,-10,77
110,-10,77
110,-10,77
110,-10,77
110,-10,77
110,-10,77
110,512,104
110,466,103
110,421,103
110,380,103
110,332,103
110,287,103
110,241,119
110,200,119
110,159,119
110,117,119
63,76,119
57,34,119
80,-7,119
80,251,119
80,251,119
80,251,119
80,251,119
80,251,119
80,251,119
80,251,119
80,251,119
80,251,119
80,251,119
80,251,119
80,251,119
80,251,119
80,251,119
80,251,119
80,251,119
41,497,103
19,457,103
26,416,103
61,375,103
110,335,103
110,293,103
110,253,103
110,211,103
110,171,103
70,129,103
28,90,103
18,48,103
44,0,87
80,348,103
80,348,103
80,348,103
80,348,103
80,348,103
80,348,103
80,348,103
80,348,103
80,348,103
110,494,119
110,448,119
110,407,119
110,367,119
110,326,119
110,289,119
110,248,119
110,207,119
110,166,119
110,126,119
110,78,119
80,37,119
33,-4,83
19,-45,42
34,177,119
80,136,119
110,96,119
63,54,119
26,12,99
24,-41,46
57,153,119
110,111,119
89,69,119
36,27,119
17,-15,119
28,-57,119
68,204,119
110,163,119
110,114,119
110,72,119
71,31,119
28,-11,119
18,-53,119
38,174,119
87,132,119
110,91,119
110,49,119
64,1,88
26,-41,46
38,481,103
87,439,103
110,398,103
110,355,103
110,313,103
110,271,103
110,229,103
110,187,119
110,145,119
89,103,119
36,61,119
18,19,119
33,-29,119
77,-71,119
110,197,119
110,157,119
99,113,119
41,71,119
19,29,116
26,-13,74
62,-55,32
88,-72,14
88,-72,14
88,-72,14
88,-72,14
88,-72,14
88,-72,14
88,-72,14
88,-72,14
88,-72,14
88,-72,14
88,-72,14
88,-72,14
88,-72,14
88,-72,14
88,-72,14
88,-72,14
88,-72,14
88,-72,14
88,-72,14
88,-72,14
88,-72,14
88,-72,14
88,-72,14
88,-72,14
88,-72,14
88,-72,14
88,-72,14
88,-72,14
88,-72,14
88,-72,14
88,-72,14
88,-72,14
88,-72,14
88,-72,14
88,-72,14
88,-72,14
88,-72,14
88,-72,14
88,-72,14
88,-72,14
88,-72,14
88,-72,14
88,-72,14
88,-72,14
88,-72,14
88,-72,14
88,-72,14
88,-72,14
88,-72,14
88,-72,14
88,-72,14
88,-72,14
88,-72,14
88,-72,14
88,-72,14
88,-72,14
88,-72,14
88,-72,14
88,-72,14
88,-72,14
88,-72,14
88,-72,14
88,-72,14
88,-72,14
88,-72,14
88,-72,14
88,-72,14
88,-72,14
88,-72,14
88,-72,14
88,-72,14
88,-72,14
88,-72,14
88,-72,14
88,-72,14
88,-72,14
88,-72,14
88,-72,14
88,-72,14
88,-72,14
88,-72,14
88,-72,14
88,-72,14
88,-72,14
88,-72,14
88,-72,14
88,-72,14
88,-72,14
88,-72,14
88,-72,14
88,-72,14
88,-72,14
88,-72,14
88,-72,14
88,-72,14
88,-72,14
88,-72,14
88,-72,14
88,-72,14
88,-72,14
88,-72,14
88,-72,14
88,-72,14
88,-72,14
88,-72,14
88,-72,14
88,-72,14
88,-72,14
88,-72,14
88,-72,14
88,-72,14
88,-72,14
88,-72,14
88,-72,14
88,-72,14
88,-72,14
88,-72,14
88,-72,14
88,-72,14
88,-72,14
88,-72,14
88,-72,14
88,-72,14
88,-72,14
88,-72,14
88,-72,14
88,-72,14
88,-72,14
88,-72,14
88,-72,14
88,-72,14
88,-72,14
88,-72,14
88,-72,14
88,-72,14
88,-72,14
88,-72,14
88,-72,14
88,-72,14
88,-72,14
88,-72,14
59,-72,52
59,-72,52
59,-72,52
59,-72,52
59,-72,52
59,-72,52
59,-72,52
59,-72,52
59,-72,52
59,-72,52
59,-72,52
59,-72,52
59,-72,52
59,-72,52
59,-72,52
59,-72,52
59,-72,52
59,-72,52
59,-72,52
59,-72,52
59,-72,52
59,-72,52
59,-72,52
59,-72,52
59,-72,52
59,-72,52
59,-72,52
59,-72,52
59,-72,52
59,-72,52
59,-72,52
59,-72,52
59,-72,52
59,-72,52
59,-72,52
59,-72,52
59,-72,52
59,-72,52
59,-72,52
59,-72,52
59,-72,52
59,-72,52
59,-72,52
59,-72,52
59,-72,52
59,-72,52
59,-72,52
59,-72,52
59,-72,52
59,-72,52
59,-72,52
59,-72,52
59,-72,52
59,-72,52
59,-72,52
59,-72,52
59,-72,52
59,-72,52
59,-72,52
59,-72,52
59,-72,52
59,-72,52
59,-72,52
59,-72,52
59,-72,52
59,-72,52
59,-72,52
59,-72,52
59,-72,52
59,-72,52
59,-72,52
59,-72,52
59,-72,52
59,-72,52
59,-72,52
59,-72,52
59,-72,52
59,-72,52
59,-72,52
59,-72,52
59,-72,52
59,-72,52
59,-72,52
59,-72,52
59,-72,52
59,-72,52
59,-72,52
59,-72,52
59,-72,52
59,-72,52
59,-72,52
59,-72,52
59,-72,52
59,-72,52
59,-72,52
59,-72,52
59,-72,52
59,-72,52
59,-72,52
59,-72,52
59,-72,52
59,-72,52
59,-72,52
59,-72,52
59,-72,52
59,-72,52
59,-72,52
59,-72,52
59,-72,52
59,-72,52
59,-72,52
59,-72,52
59,-72,52
59,-72,52
59,-72,52
59,-72,52
59,-72,52
59,-72,52
59,-72,52
59,-72,52
59,-72,52
59,-72,52
59,-72,52
59,-72,52
59,-72,52
59,-72,52
59,-72,52
59,-72,52
59,-72,52
59,-72,52
59,-72,52
59,-72,52
81,484,74
81,438,74
81,392,74
81,348,74
81,302,74
81,267,74
81,227,74
81,185,90
81,139,90
81,92,90
33,38,90
33,2,90
33,-46,90
12,208,90
76,161,90
81,119,90
51,66,90
51,18,90
51,-23,90
14,159,90
68,117,90
81,69,90
61,27,90
9,-15,90
9,-63,62
10,171,90
60,129,90
81,87,90
60,39,90
4,-9,90
4,-51,90
10,185,90
69,138,90
81,96,90
81,55,90
27,7,90
27,-41,84
27,207,74
35,165,74
81,117,74
70,63,74
8,16,74
8,-32,74
7,254,74
61,206,74
81,158,74
81,116,90
81,68,90
14,20,90
14,-22,90
3,-70,90
69,262,90
81,208,90
81,160,90
60,112,90
3,64,90
3,16,90
14,-33,90
78,167,90
81,119,90
60,71,90
8,28,90
8,-21,90
9,-69,90
68,194,90
81,146,90
81,104,90
59,61,90
8,17,90
8,-32,90
11,228,90
68,180,90
81,131,90
81,82,90
81,45,90
26,0,90
26,-48,77
26,149,74
33,100,91
81,52,90
81,3,90
80,387,90
80,387,90
80,387,90
80,387,90
80,387,90
80,387,90
80,387,90
80,387,90
80,387,90
80,387,90
80,387,90
80,387,90
80,387,90
80,387,90
80,387,90
80,387,90
80,387,90
80,387,90
80,387,90
80,387,90
80,387,90
80,387,90
80,387,90
80,387,90
80,387,90
80,387,90
80,387,90
80,387,90
80,387,90
80,387,90
80,387,90
80,387,90
80,387,90
80,387,90
80,387,90
80,387,90
80,387,90
80,387,90
80,387,90
80,387,90
80,387,90
80,387,90
80,387,90
80,387,90
80,387,90
80,387,90
80,387,90
80,387,90
80,387,90
80,387,90
80,387,90
80,387,90
80,387,90
80,387,90
80,387,90
80,387,90
80,387,90
80,387,90
80,387,90
80,387,90
80,387,90
80,387,90
80,387,90
80,387,90
80,387,90
81,488,90
81,447,90
81,405,90
81,365,90
81,324,90
81,285,90
81,244,90
81,202,90
81,161,90
81,120,90
81,79,90
42,37,90
42,-4,90
42,-46,79
9,211,74
58,169,74
81,127,74
81,88,74
35,47,74
35,6,74
35,-36,74
13,230,74
67,188,91
81,146,90
81,104,90
69,62,90
7,14,90
7,-28,90
0,-70,90
41,198,90
81,156,90
81,114,90
34,66,90
34,24,90
34,-17,90
14,-59,66
67,515,90
81,474,90
81,432,90
81,390,90
81,343,90
81,301,90
81,259,90
81,211,90
81,170,90
71,129,90
26,86,90
20,43,90
39,7,90
7,500,90
7,465,90
28,425,90
81,385,90
81,344,90
81,303,90
81,261,90
81,220,90
81,179,90
81,138,90
81,97,90
34,56,90
34,14,90
34,-28,90
16,-70,90
69,319,90
81,277,90
81,236,90
81,194,90
81,153,90
35,112,90
35,71,90
35,31,90
14,-11,90
57,-45,79
57,-45,79
57,-45,79
57,-45,79
57,-45,79
57,-45,79
57,-45,79
7,483,74
7,443,74
0,402,74
42,362,74
81,320,74
81,280,74
81,239,74
81,197,74
81,156,74
81,115,74
70,73,74
31,32,74
30,-9,74
39,-26,74
39,-26,74
39,-26,74
39,-26,74
39,-26,74
39,-26,74
39,-26,74
39,-26,74
10,493,91
59,453,90
81,414,90
81,372,90
81,331,90
81,290,90
81,244,90
81,203,90
81,163,90
81,122,90
81,81,90
61,40,90
9,-2,90
9,-42,83
3,429,74
51,381,74
81,340,74
81,298,74
81,256,74
81,215,74
81,172,74
81,131,74
81,89,74
70,47,74
11,5,74
11,-43,74
11,313,74
39,271,74
81,223,74
81,181,74
81,139,91
33,91,90
33,50,90
33,8,90
15,-33,90
68,283,90
81,241,90
81,193,90
81,152,90
81,110,90
81,68,90
50,26,90
3,-16,90
3,-64,61
9,378,90
59,336,90
81,294,90
81,252,90
81,204,90
81,168,90
81,126,90
81,90,90
60,47,90
3,0,90
3,-42,83
4,469,74
49,426,74
81,384,74
81,341,74
81,298,74
81,256,74
81,215,74
81,173,74
81,129,74
81,86,74
71,44,74
23,-5,74
22,-47,74
50,286,74
81,244,74
81,201,90
81,158,90
81,116,90
81,72,90
81,30,90
19,-13,90
19,-55,90
19,202,90
27,160,90
81,117,90
81,74,90
81,32,90
42,-11,90
42,-54,71
42,332,74
9,289,74
58,246,74
81,202,74
81,153,74
81,111,74
81,67,74
41,17,74
41,-26,74
41,-68,74
8,253,74
58,210,74
81,167,90
81,124,90
81,78,90
70,35,90
7,-19,90
7,-65,90
1,236,90
42,191,90
81,145,90
70,98,90
11,51,90
11,-1,90
11,-47,78
40,473,74
81,421,74
81,369,74
81,323,74
81,278,74
81,238,74
81,192,74
50,146,90
3,100,90
3,47,90
9,1,90
42,-32,90
42,-32,90
42,-32,90
42,-32,90
42,-32,90
42,-32,90
42,-32,90
42,-32,90
42,-32,90
42,-32,90
79,494,72
79,453,72
79,412,72
79,371,72
79,335,72
79,293,72
79,251,72
79,210,72
79,168,88
79,126,88
79,79,88
16,37,88
16,-5,88
16,-52,88
31,224,88
79,183,88
79,147,88
79,106,88
79,64,88
18,22,87
18,-14,51
18,-56,9
19,134,88
67,98,88
79,56,88
69,21,86
11,-21,44
11,-63,2
11,200,72
32,158,72
79,122,72
79,86,72
35,44,72
26,8,72
38,-26,72
38,-26,72
38,-26,72
38,-26,72
38,-26,72
38,-26,72
38,-26,72
38,-26,72
38,-26,72
38,-26,72
11,512,88
11,471,88
14,436,88
67,396,88
79,360,88
79,325,88
79,292,88
79,256,88
79,216,88
79,174,88
79,133,88
79,91,88
79,56,88
69,26,88
7,-21,88
7,-57,88
7,374,88
34,332,88
79,291,88
79,249,88
79,213,88
79,178,88
79,136,88
79,99,88
79,63,88
79,28,88
78,-7,57
78,-7,57
78,-7,57
78,-7,57
78,-7,57
78,-7,57
78,-7,57
78,-7,57
78,-7,57
78,-7,57
78,-7,57
78,-7,57
78,-7,57
78,-7,57
78,-7,57
78,-7,57
78,-7,57
78,-7,57
78,-7,57
65,501,58
65,466,58
65,432,58
65,397,58
65,357,58
65,315,58
65,275,58
65,240,58
65,199,58
65,157,74
65,122,74
65,88,74
54,53,74
3,18,74
3,-18,74
3,-54,74
3,227,74
44,191,74
65,149,74
65,107,74
65,71,74
26,30,74
26,-6,68
26,-47,27
16,509,74
65,467,74
65,431,74
65,395,74
65,359,74
65,324,74
65,288,74
65,251,74
65,210,74
65,174,74
65,138,74
65,90,74
44,48,74
44,12,74
44,-24,50
44,-60,14
1,159,58
45,123,58
65,87,58
26,45,58
26,3,58
26,-45,29
26,260,58
42,224,58
65,188,58
65,152,75
54,116,74
3,80,74
3,44,74
3,8,74
3,-28,74
48,269,74
65,227,74
65,185,74
65,143,74
65,107,74
44,70,74
44,33,74
44,-10,64
44,-46,28
9,411,74
60,375,74
65,333,74
65,297,74
65,260,74
65,217,74
65,181,74
65,145,74
65,108,74
65,72,74
34,29,74
34,-8,66
34,-50,24
65,487,58
65,444,58
65,396,58
65,360,58
65,323,58
65,286,58
65,244,58
65,201,58
65,159,74
65,123,74
65,87,74
44,49,74
44,11,74
44,-32,74
44,-68,74
5,246,74
53,210,74
65,173,74
65,137,74
65,93,74
27,56,74
27,20,74
27,-23,51
27,-61,13
18,190,74
65,147,74
65,104,74
44,66,74
44,28,74
44,-17,57
44,-55,19
3,215,58
60,170,58
65,132,58
65,88,58
65,42,58
26,-3,58
26,-43,31
26,255,58
26,209,58
27,170,74
65,125,74
65,85,74
65,38,74
65,-1,74
64,334,74
64,334,74
64,334,74
64,334,74
64,334,74
64,334,74
64,334,74
64,334,74
64,334,74
64,334,74
64,334,74
64,334,74
64,334,74
64,334,74
64,334,74
64,334,74
64,334,74
64,334,74
64,334,74
64,334,74
64,334,74
64,334,74
64,334,74
64,334,74
64,334,74
64,334,74
64,334,74
64,334,74
64,334,74
64,334,74
64,334,74
64,334,74
64,334,74
64,334,74
64,334,74
64,334,74
64,334,74
37,504,100
91,463,100
28,421,100
1,380,100
4,340,100
35,300,100
91,259,100
91,218,100
91,178,100
91,136,100
91,94,100
91,53,100
91,12,100
91,-11,83
91,-11,83
91,-11,83
91,-11,83
91,-11,83
91,-11,83
91,-11,83
91,-11,83
18,517,100
18,477,100
7,443,100
53,398,100
91,357,100
91,315,100
91,275,100
91,234,100
91,193,100
91,153,100
91,112,100
91,70,100
91,28,100
53,-8,86
10,-50,44
1,274,84
21,233,84
80,185,84
91,143,84
91,102,84
70,66,84
17,25,84
17,-16,78
10,-58,36
51,238,84
91,196,100
91,154,100
91,112,100
70,70,100
16,28,100
16,-13,100
8,-55,101
48,193,100
91,151,100
91,109,100
91,68,100
52,25,100
8,-17,100
8,-59,100
17,163,100
66,121,100
91,79,100
83,31,100
91,-4,89
91,-10,83
91,-10,83
91,-10,83
91,-10,83
91,-10,83
91,-10,83
91,-10,83
91,-10,83
91,-10,83
91,501,84
91,460,84
52,421,84
10,380,84
0,339,84
20,297,84
61,261,84
91,220,84
91,184,100
91,143,100
91,103,100
71,61,100
18,19,100
0,-23,100
12,-65,100
53,212,100
91,165,100
91,123,100
51,81,100
6,33,100
0,-9,85
24,-50,44
70,332,84
52,290,84
10,248,84
0,207,84
20,165,84
68,123,84
91,82,84
70,40,84
18,-2,84
4,-44,50
19,206,84
63,164,100
91,122,100
91,80,100
91,44,100
37,9,100
7,-27,100
0,-69,100
30,203,100
88,161,100
91,124,100
91,82,100
54,40,100
11,-2,92
1,-43,51
21,181,84
69,139,84
91,98,84
91,55,84
91,13,84
90,-5,84
90,-5,84
90,-5,84
90,-5,84
90,-5,84
90,-5,84
90,-5,84
90,-5,84
90,-5,84
90,-5,84
90,-5,84
29,499,100
3,463,100
1,423,100
29,381,100
86,341,100
91,300,100
91,265,100
91,224,100
91,189,100
91,154,100
91,113,100
91,77,100
91,35,100
90,-6,87
90,-12,81
90,-12,81
90,-12,81
90,-12,81
90,-12,81
90,-12,81
90,-12,81
70,494,84
24,461,84
7,422,84
18,382,84
51,347,84
91,302,84
91,260,84
91,218,84
91,176,84
91,142,101
91,101,100
91,60,100
91,25,100
71,-9,100
32,-39,100
13,284,100
24,243,100
64,202,100
91,166,100
91,124,100
91,82,100
44,40,100
8,-2,92
2,-44,50
25,252,100
78,210,100
91,168,100
91,126,100
91,85,100
91,42,100
44,0,94
7,-42,52
1,199,84
25,157,84
70,121,100
91,81,100
91,39,100
44,-3,100
7,-45,100
1,295,100
24,253,100
89,205,100
91,163,100
91,122,100
91,79,100
44,37,100
38,-5,89
56,-40,54
63,-45,48
63,-45,48
63,-45,48
63,-45,48
63,-45,48
63,-45,48
63,-45,48
63,-45,48
63,-45,48
63,-45,48
63,-45,48
63,-45,48
63,-45,48
63,-45,48
63,-45,48
63,-45,48
63,-45,48
63,-45,48
63,-45,48
63,-45,48
63,-45,48
63,-45,48
63,-45,48
63,-45,48
63,-45,48
63,-45,48
63,-45,48
63,-45,48
114,499,107
114,452,107
114,412,107
114,371,107
114,332,107
114,293,107
114,251,107
114,210,107
114,162,123
114,120,123
114,79,123
75,45,123
36,4,123
32,-44,123
98,233,123
114,185,123
114,143,123
114,101,123
114,60,123
75,17,111
37,-25,69
31,-67,27
54,331,107
108,289,107
114,241,107
114,194,123
114,153,123
114,104,123
114,57,123
84,21,123
36,-20,123
23,-68,123
48,170,123
111,122,123
114,81,123
114,39,123
83,3,97
38,-45,49
103,493,107
114,444,107
114,402,107
114,360,107
114,318,107
114,276,107
114,234,107
114,192,107
114,150,107
114,108,107
114,66,107
85,24,107
43,-18,76
39,-66,28
67,283,107
114,241,107
114,199,107
114,157,123
114,115,123
114,67,123
114,13,123
113,-5,123
113,-5,123
113,-5,123
113,-5,123
113,-5,123
113,-5,123
113,-5,123
113,-5,123
113,-5,123
113,-5,123
113,-5,123
113,-5,123
113,-5,123
113,-5,123
113,-5,123
113,-5,123
113,-5,123
113,-5,123
113,-5,123
113,-5,123
113,-5,123
113,-5,123
113,-5,123
113,-5,123
113,-5,123
113,-5,123
113,-5,123
113,-5,123
113,-5,123
113,-5,123
113,-5,123
113,-5,123
113,-5,123
113,-5,123
113,-5,123
113,-5,123
113,-5,123
113,-5,123
113,-5,123
113,-5,123
113,-5,123
113,-5,123
113,-5,123
113,-5,123
113,-5,123
113,-5,123
113,-5,123
113,-5,123
113,-5,123
113,-5,123
113,-5,123
113,-5,123
113,-5,123
113,-5,123
113,-5,123
113,-5,123
113,-5,123
113,-5,123
113,-5,123
113,-5,123
113,-5,123
113,-5,123
113,-5,123
98,499,107
98,465,107
98,425,107
98,392,107
98,353,107
98,312,107
98,272,107
98,231,107
98,191,107
98,156,107
98,121,107
98,85,107
98,50,107
77,15,94
36,-14,65
14,-56,23
21,292,107
57,250,107
98,215,107
98,181,107
98,146,107
98,104,107
77,62,107
43,26,105
38,-14,65
57,-49,30
98,200,91
98,164,91
98,129,91
98,94,91
68,52,91
32,10,89
29,-26,53
48,-62,17
88,243,91
98,207,107
98,171,107
98,135,107
87,99,107
35,63,107
10,27,107
9,-15,107
31,-51,107
74,203,107
98,167,107
98,131,107
77,95,107
35,65,107
11,30,107
8,-6,107
32,-48,107
87,210,107
98,168,107
98,132,107
88,90,107
43,60,107
14,23,102
8,-14,65
33,-62,17
77,499,91
98,456,91
98,420,91
98,383,91
98,342,91
98,299,91
98,264,91
98,228,91
98,192,107
98,156,107
98,120,107
98,84,107
87,48,107
42,18,107
13,-18,107
9,-68,108
36,212,107
94,170,107
98,134,107
98,86,107
98,38,107
98,2,107
98,-19,107
98,-19,107
98,-19,107
98,-19,107
98,-19,107
98,-19,107
98,-19,107
98,-19,107
98,-19,107
98,-19,107
98,-19,107
98,-19,107
98,-19,107
87,507,91
42,478,91
12,444,91
6,404,91
25,368,91
74,327,91
98,292,91
98,251,91
98,218,91
98,176,107
98,142,107
68,112,107
33,77,107
25,42,107
40,6,107
67,-22,107
67,-22,107
67,-22,107
67,-22,107
67,-22,107
67,-22,107
67,-22,107
67,-22,107
98,517,107
98,481,107
98,446,107
98,413,107
98,373,107
98,334,107
98,294,107
98,257,107
98,223,107
98,188,107
98,152,107
98,117,107
59,83,107
22,48,107
8,1,80
29,-39,40
87,162,91
98,120,91
98,84,91
67,54,91
31,24,91
13,-11,68
17,-47,32
43,215,108
91,180,107
98,144,107
98,97,107
98,61,107
67,31,107
26,-11,107
19,-47,107
39,194,107
79,159,107
98,123,107
98,81,107
77,51,107
36,21,100
10,-15,64
7,-51,28
58,510,107
98,474,107
98,438,107
98,402,107
98,366,107
98,330,107
98,294,107
98,252,107
98,218,107
98,182,107
98,145,107
98,109,107
98,74,107
98,38,107
50,2,81
36,-34,45
51,380,91
96,338,91
98,301,91
98,266,91
98,230,91
98,194,91
98,157,108
98,120,107
98,72,107
98,29,107
77,-7,107
34,-50,107
27,246,107
47,203,107
86,167,107
98,130,107
98,94,107
98,58,107
67,28,107
25,-8,71
12,-44,35
20,487,91
49,450,91
98,413,91
98,377,91
98,340,91
98,303,91
98,265,91
98,227,91
98,191,91
98,155,107
98,113,107
98,75,107
78,39,107
30,2,107
9,-36,107
10,275,107
32,238,107
76,202,107
98,165,107
98,123,107
98,85,107
98,48,107
52,18,107
16,-25,107
9,-61,107
25,153,107
61,117,107
98,74,107
77,30,107
37,-1,78
19,-44,35
27,416,91
55,379,91
98,340,91
98,302,91
98,266,91
98,221,91
98,183,91
98,137,91
98,99,107
98,53,107
98,15,107
97,399,107
97,399,107
97,399,107
97,399,107
97,399,107
97,399,107
97,399,107
97,399,107
97,399,107
97,399,107
97,399,107
97,399,107
97,399,107
97,399,107
97,399,107
97,399,107
97,399,107
97,399,107
97,399,107
97,399,107
97,399,107
97,399,107
97,399,107
97,399,107
97,399,107
97,399,107
97,399,107
97,399,107
97,399,107
97,399,107
97,399,107
97,399,107
97,399,107
97,399,107
97,399,107
97,399,107
97,399,107
97,399,107
97,399,107
97,399,107
97,399,107
97,399,107
97,399,107
97,399,107
97,399,107
97,399,107
97,399,107
97,399,107
97,399,107
97,399,107
97,399,107
97,399,107
97,399,107
97,399,107
97,399,107
97,399,107
97,399,107
97,399,107
97,399,107
97,399,107
97,399,107
97,399,107
97,399,107
97,399,107
97,399,107
97,399,107
97,399,107
97,399,107
97,399,107
97,399,107
97,399,107
97,399,107
97,399,107
97,399,107
97,399,107
97,399,107
97,399,107
97,399,107
97,399,107
97,399,107
97,399,107
97,399,107
97,399,107
97,399,107
97,399,107
97,399,107
97,399,107
97,399,107
97,399,107
97,399,107
97,399,107
97,399,107
97,399,107
97,399,107
97,399,107
97,399,107
97,399,107
97,399,107
97,399,107
97,399,107
97,399,107
97,399,107
97,399,107
97,399,107
97,399,107
97,399,107
97,399,107
97,399,107
97,399,107
97,399,107
97,399,107
97,399,107
97,399,107
97,399,107
97,399,107
97,399,107
97,399,107
97,399,107
97,399,107
97,399,107
97,399,107
97,399,107
97,399,107
97,399,107
97,399,107
97,399,107
97,399,107
97,399,107
97,399,107
97,399,107
97,399,107
97,399,107
97,399,107
97,399,107
97,399,107
97,399,107
97,399,107
97,399,107
97,399,107
97,399,107
97,399,107
97,399,107
97,399,107
97,399,107
97,399,107
97,399,107
97,399,107
97,399,107
97,399,107
97,399,107
97,399,107
97,399,107
97,399,107
97,399,107
97,399,107
97,399,107
97,399,107
97,399,107
97,399,107
97,399,107
97,399,107
97,399,107
97,399,107
97,399,107
97,399,107
97,399,107
97,399,107
97,399,107
97,399,107
97,399,107
97,399,107
97,399,107
97,399,107
97,399,107
97,399,107
97,399,107
97,399,107
97,399,107
97,399,107
97,399,107
97,399,107
97,399,107
97,399,107
97,399,107
